Txhash,Blockno,UnixTimestamp,DateTime (UTC),From,To,ContractAddress,Value_IN(ETH),Value_OUT(ETH),CurrentValue @ $0/Eth,TxnFee(ETH),TxnFee(USD),Historical $Price/Eth,Status,ErrCode,Method
0x4922ebb83d64677a165685cfa475f09acfe8428989e116123aec4ff521af8750,4797267,1701374916,11/30/2023 20:08,0x2137c263aa1ebc16e6a820dc988c494a8b249696,0x079d08d489a10f07f43df6f2c1b9069fa110cf96,,0,0,0,4.26902E-06,0,,,,Grant Permission
0xf5e8fc51b95cfe30af0f3f6ec89a2d773c43294bfde56e5868edf7356d556b1c,4809056,1701535788,12/2/2023 16:49,0x2137c263aa1ebc16e6a820dc988c494a8b249696,0x079d08d489a10f07f43df6f2c1b9069fa110cf96,,0,0,0,4.90554E-06,0,,,,Grant Permission
0x1871d5c5c6ecab0ff672d7faacf3a9031608ec60044a401e2c57be5a5518915b,4809057,1701535800,12/2/2023 16:50,0x2137c263aa1ebc16e6a820dc988c494a8b249696,0x079d08d489a10f07f43df6f2c1b9069fa110cf96,,0,0,0,3.16757E-06,0,,,,0xdd8b143e
0x83452ab49ba45afdc4feb45a170eaf7d62089a9b3439723080c06fd334280c82,4809058,1701535824,12/2/2023 16:50,0x2137c263aa1ebc16e6a820dc988c494a8b249696,0x079d08d489a10f07f43df6f2c1b9069fa110cf96,,0,0,0,3.98652E-06,0,,,,Grant Permission
0xb60a4db762b6fd6860dc5f932f000d878c4097c60ba92960b49814b766592830,4809076,1701536052,12/2/2023 16:54,0x2137c263aa1ebc16e6a820dc988c494a8b249696,0x079d08d489a10f07f43df6f2c1b9069fa110cf96,,0,0,0,4.50575E-06,0,,,,Grant Permission
0x23e847ff289957674fe9219eff8670edf1b5cb9813ec67a67e7952bf6f27ea37,4809077,1701536076,12/2/2023 16:54,0x2137c263aa1ebc16e6a820dc988c494a8b249696,0x079d08d489a10f07f43df6f2c1b9069fa110cf96,,0,0,0,3.47468E-06,0,,,,0xdd8b143e
0x40a4944ceca83da3f43a616fd127a805d1a367eac5e17448bd6c9582c247cd5a,4809078,1701536088,12/2/2023 16:54,0x2137c263aa1ebc16e6a820dc988c494a8b249696,0x079d08d489a10f07f43df6f2c1b9069fa110cf96,,0,0,0,4.12253E-06,0,,,,Grant Permission
0x3e88f117de1f53ea8798c6da2676bff5d26f84f6b7644974fce7e7a5fcad1dd0,4809079,1701536112,12/2/2023 16:55,0x2137c263aa1ebc16e6a820dc988c494a8b249696,0x079d08d489a10f07f43df6f2c1b9069fa110cf96,,0,0,0,3.21448E-06,0,,,,0xdd8b143e
0x2ae72a7d9e6b0644a2e6551ba3339d3dd1c41588028eedbb83b48d512f13a101,4809098,1701536364,12/2/2023 16:59,0x2137c263aa1ebc16e6a820dc988c494a8b249696,0x079d08d489a10f07f43df6f2c1b9069fa110cf96,,0,0,0,5.09173E-06,0,,,,Grant Permission
0x8015e5d5ece9dc9ef74f203ec13167693552b858fe31e6b21d01fd73482a7481,4809099,1701536376,12/2/2023 16:59,0x2137c263aa1ebc16e6a820dc988c494a8b249696,0x079d08d489a10f07f43df6f2c1b9069fa110cf96,,0,0,0,4.33041E-06,0,,,,0xdd8b143e
0xe0ab2885595873559380e63af6473cfcea2a91723fd93c353500b073f88832a7,4809100,1701536388,12/2/2023 16:59,0x2137c263aa1ebc16e6a820dc988c494a8b249696,0x079d08d489a10f07f43df6f2c1b9069fa110cf96,,0,0,0,4.68686E-06,0,,,,Grant Permission
0xf1a8b007d3946f39cf279a1bd4111a2f5594f420eda4efb66ccea7f36abd129d,4809101,1701536400,12/2/2023 17:00,0x2137c263aa1ebc16e6a820dc988c494a8b249696,0x079d08d489a10f07f43df6f2c1b9069fa110cf96,,0,0,0,4.22081E-06,0,,,,0xdd8b143e
0xe2e59d92ee6a540120a53e061943d9ce3328bd7fcf64e64edf902adf5a35df8e,4809102,1701536412,12/2/2023 17:00,0x2137c263aa1ebc16e6a820dc988c494a8b249696,0x079d08d489a10f07f43df6f2c1b9069fa110cf96,,0,0,0,4.13704E-06,0,,,,Grant Permission
0x1aa5db953a8ec661f4a3599459e37f093cf78606e93a985f0c8021cafdf52b5d,4809103,1701536436,12/2/2023 17:00,0x2137c263aa1ebc16e6a820dc988c494a8b249696,0x079d08d489a10f07f43df6f2c1b9069fa110cf96,,0,0,0,3.85978E-06,0,,,,0xdd8b143e
0x8d37b5e0a97d1a7e9f946b7c96590aca65a077f513dd4eb61e99b05fd7687741,4809104,1701536448,12/2/2023 17:00,0x2137c263aa1ebc16e6a820dc988c494a8b249696,0x079d08d489a10f07f43df6f2c1b9069fa110cf96,,0,0,0,3.82843E-06,0,,,,Grant Permission
0xa548707f19bdef1f08d03b57effc0dcde668bd386871dac7a9d36f75b3b447a9,4809105,1701536472,12/2/2023 17:01,0x2137c263aa1ebc16e6a820dc988c494a8b249696,0x079d08d489a10f07f43df6f2c1b9069fa110cf96,,0,0,0,3.94945E-06,0,,,,0xdd8b143e
0xca24df66169ee0dc3994de2275dc0a379973bac424bf922618c8c591afec9788,4809128,1701536772,12/2/2023 17:06,0x2137c263aa1ebc16e6a820dc988c494a8b249696,0x079d08d489a10f07f43df6f2c1b9069fa110cf96,,0,0,0,3.59814E-06,0,,,,Grant Permission
0xf92a03e4d6be07d58f1e4d7dfd514195721b4f9c95517e59eee636fdf84dc06e,4809144,1701537084,12/2/2023 17:11,0x2137c263aa1ebc16e6a820dc988c494a8b249696,0x079d08d489a10f07f43df6f2c1b9069fa110cf96,,0,0,0,5.7649E-06,0,,,,Grant Permission
0x5019fdd974229a0eedb13259c0676751d9559887862de04d8bdcaed05b08f454,4809145,1701537108,12/2/2023 17:11,0x2137c263aa1ebc16e6a820dc988c494a8b249696,0x079d08d489a10f07f43df6f2c1b9069fa110cf96,,0,0,0,6.05367E-06,0,,,,0xdd8b143e
0x860a7470c418c39aa5d218f99aefebdd8c1071bac8f8155d57653e1ff757557c,4809146,1701537132,12/2/2023 17:12,0x2137c263aa1ebc16e6a820dc988c494a8b249696,0x079d08d489a10f07f43df6f2c1b9069fa110cf96,,0,0,0,5.34944E-06,0,,,,Grant Permission
0x95361e94347ad4987fbe3470810f9f21810e1e7280c4f0e01656bb4aba95c9b6,4809156,1701537264,12/2/2023 17:14,0x2137c263aa1ebc16e6a820dc988c494a8b249696,0x079d08d489a10f07f43df6f2c1b9069fa110cf96,,0,0,0,6.01751E-06,0,,,,0xdd8b143e
0x6fb7946f703e94cfb5f93dfe0f27aea5e660a77c11b4bc9b03726e91bad67096,4809157,1701537276,12/2/2023 17:14,0x2137c263aa1ebc16e6a820dc988c494a8b249696,0x079d08d489a10f07f43df6f2c1b9069fa110cf96,,0,0,0,6.14182E-06,0,,,,0xdd8b143e
0x3910b4a5bcbfcb5826925695168d188071eec7f5e45aa32843d6e79610f90379,4809158,1701537288,12/2/2023 17:14,0x2137c263aa1ebc16e6a820dc988c494a8b249696,0x079d08d489a10f07f43df6f2c1b9069fa110cf96,,0,0,0,4.73525E-06,0,,,,Grant Permission
0x31c40a01add349a74fa78af6a1bbca65445f469f2b210adf850ab4798b195f6c,4809159,1701537300,12/2/2023 17:15,0x2137c263aa1ebc16e6a820dc988c494a8b249696,0x079d08d489a10f07f43df6f2c1b9069fa110cf96,,0,0,0,5.42844E-06,0,,,,0xdd8b143e
0xdb15c32fd75fd75cca45e43179881cf0d816c191a8a0f9d852ce9a1a0718cdcc,4809160,1701537312,12/2/2023 17:15,0x2137c263aa1ebc16e6a820dc988c494a8b249696,0x079d08d489a10f07f43df6f2c1b9069fa110cf96,,0,0,0,3.95906E-06,0,,,,Grant Permission
0xac7f557239729ab647a1cf619ee18eea4847f38b47a049558d55f73e680dd055,4809174,1701537516,12/2/2023 17:18,0x2137c263aa1ebc16e6a820dc988c494a8b249696,0x079d08d489a10f07f43df6f2c1b9069fa110cf96,,0,0,0,7.00205E-06,0,,,,0xdd8b143e
0x1a4519fe72bc04698415ee31127ad62bdbef010e5d8bbb1406c505d48ec66c28,4809175,1701537528,12/2/2023 17:18,0x2137c263aa1ebc16e6a820dc988c494a8b249696,0x079d08d489a10f07f43df6f2c1b9069fa110cf96,,0,0,0,5.16521E-06,0,,,,Grant Permission
0x0c7c24a12676724da2162c96d82a3a2bdbcc7344e6b47329d91d1ff5c35d58e7,4809176,1701537540,12/2/2023 17:19,0x2137c263aa1ebc16e6a820dc988c494a8b249696,0x079d08d489a10f07f43df6f2c1b9069fa110cf96,,0,0,0,6.51227E-06,0,,,,0xdd8b143e
0x40ad2e01f83455f43432a7a1b5e94177131eaebf5cad804890d66a88decf9bbb,4809177,1701537552,12/2/2023 17:19,0x2137c263aa1ebc16e6a820dc988c494a8b249696,0x079d08d489a10f07f43df6f2c1b9069fa110cf96,,0,0,0,4.66011E-06,0,,,,Grant Permission
0xa829b77ac6c11bacbb77263f0daaee4a7276b9ca35d8833db4f1cb84d2f0203e,4809178,1701537576,12/2/2023 17:19,0x2137c263aa1ebc16e6a820dc988c494a8b249696,0x079d08d489a10f07f43df6f2c1b9069fa110cf96,,0,0,0,5.90956E-06,0,,,,0xdd8b143e
0x9c07d3d04987b0cbce8865321bfa88d615d438c7a21c13f3803acfa520d42fdb,4809180,1701537600,12/2/2023 17:20,0x2137c263aa1ebc16e6a820dc988c494a8b249696,0x079d08d489a10f07f43df6f2c1b9069fa110cf96,,0,0,0,4.1905E-06,0,,,,Grant Permission
0xac6c6ca1df4b4a2d7416100fd9ae17f167e487d2d356fcb5b58f2118c9901a20,4809181,1701537612,12/2/2023 17:20,0x2137c263aa1ebc16e6a820dc988c494a8b249696,0x079d08d489a10f07f43df6f2c1b9069fa110cf96,,0,0,0,5.83662E-06,0,,,,0xdd8b143e
0x18589e3d914219da69d728843583b74c0d3a4edc73f104f1f6d27c5bb68f2b2a,4809182,1701537624,12/2/2023 17:20,0x2137c263aa1ebc16e6a820dc988c494a8b249696,0x079d08d489a10f07f43df6f2c1b9069fa110cf96,,0,0,0,3.78694E-06,0,,,,Grant Permission
0x8483db508e3ae8ae57852d020b2fe2c6b0bd08eb2dee48f3d24026672665c436,4809203,1701537900,12/2/2023 17:25,0x2137c263aa1ebc16e6a820dc988c494a8b249696,0x079d08d489a10f07f43df6f2c1b9069fa110cf96,,0,0,0,6.06723E-06,0,,,,Grant Permission
0x5d05097ddf2829060590993f6a97c6a269b1d31909f82a9240d03fdb554696e4,4809204,1701537912,12/2/2023 17:25,0x2137c263aa1ebc16e6a820dc988c494a8b249696,0x079d08d489a10f07f43df6f2c1b9069fa110cf96,,0,0,0,8.56693E-06,0,,,,0xdd8b143e
0x6d8ec7bc762cceea03d774d488922c6a6a4594487582f15f6d7176978b316f0f,4809207,1701537948,12/2/2023 17:25,0x2137c263aa1ebc16e6a820dc988c494a8b249696,0x079d08d489a10f07f43df6f2c1b9069fa110cf96,,0,0,0,5.21518E-06,0,,,,Grant Permission
0x857c2c29608e63dca9bd3c00b49d2eda142f45521c1c5a2c40c88cf8eb8b4cc4,4809208,1701537960,12/2/2023 17:26,0x2137c263aa1ebc16e6a820dc988c494a8b249696,0x079d08d489a10f07f43df6f2c1b9069fa110cf96,,0,0,0,7.80815E-06,0,,,,0xdd8b143e
0xe2f8dfa324311b021ac049dc2fc79dd3edf01d2292821e3fdd19ecc267cd8884,4809210,1701537984,12/2/2023 17:26,0x2137c263aa1ebc16e6a820dc988c494a8b249696,0x079d08d489a10f07f43df6f2c1b9069fa110cf96,,0,0,0,4.76054E-06,0,,,,Grant Permission
0x272be2d7d829dfac05db64f6ceb556b1ca7cb45fe947c527159cebf2de5f743d,4809214,1701538044,12/2/2023 17:27,0x2137c263aa1ebc16e6a820dc988c494a8b249696,0x079d08d489a10f07f43df6f2c1b9069fa110cf96,,0,0,0,7.35331E-06,0,,,,0xdd8b143e
0x47b95eacb642dac35d4468a1f95454236144f502d3aa4b46a597bf59d2dbcb3a,4809215,1701538056,12/2/2023 17:27,0x2137c263aa1ebc16e6a820dc988c494a8b249696,0x079d08d489a10f07f43df6f2c1b9069fa110cf96,,0,0,0,4.48385E-06,0,,,,Grant Permission
0xb11b66520419011b5f00d0a3bdc0a416b097852cc2a6cd443ad7b1dc2e1a8e79,4809216,1701538068,12/2/2023 17:27,0x2137c263aa1ebc16e6a820dc988c494a8b249696,0x079d08d489a10f07f43df6f2c1b9069fa110cf96,,0,0,0,7.15636E-06,0,,,,0xdd8b143e
0x0513a6605b88358b185260943d7fb2132155f7e9d5d8797d127023a6691444e7,4809217,1701538080,12/2/2023 17:28,0x2137c263aa1ebc16e6a820dc988c494a8b249696,0x079d08d489a10f07f43df6f2c1b9069fa110cf96,,0,0,0,3.80168E-06,0,,,,Grant Permission
0x2ef3bae092ec7178d39cce34ac2c859f24aa5958a4357bbfc1741e4e90f72b6d,4809227,1701538212,12/2/2023 17:30,0x2137c263aa1ebc16e6a820dc988c494a8b249696,0x079d08d489a10f07f43df6f2c1b9069fa110cf96,,0,0,0,9.48647E-06,0,,,,0xdd8b143e
0x1c2ace682994e3b703473cfde4c259bcc0515351e818300b04a048d902c7cb03,4809228,1701538224,12/2/2023 17:30,0x2137c263aa1ebc16e6a820dc988c494a8b249696,0x079d08d489a10f07f43df6f2c1b9069fa110cf96,,0,0,0,5.13229E-06,0,,,,Grant Permission
0x92732b9b47387c203a6269928d206f71d5b8732c9849b0c5b8c01d8b781edb57,4809237,1701538368,12/2/2023 17:32,0x2137c263aa1ebc16e6a820dc988c494a8b249696,0x079d08d489a10f07f43df6f2c1b9069fa110cf96,,0,0,0,1.01536E-05,0,,,,0xdd8b143e
0x8c40a3818fa5b1bebb8756c7491a15ac5a380af6bdfaf2d59defb5b3f867e2f2,4809238,1701538380,12/2/2023 17:33,0x2137c263aa1ebc16e6a820dc988c494a8b249696,0x079d08d489a10f07f43df6f2c1b9069fa110cf96,,0,0,0,5.39659E-06,0,,,,Grant Permission
0xbbc6d83726415bc9f6089ac7df087a0f2841f23b2efdf1fcda5602fa43c289cd,4809239,1701538392,12/2/2023 17:33,0x2137c263aa1ebc16e6a820dc988c494a8b249696,0x079d08d489a10f07f43df6f2c1b9069fa110cf96,,0,0,0,9.15124E-06,0,,,,0xdd8b143e
0x3a2751dc518511df7ab1bfa0cad22a61b5857b5fe1644d3f033211b59a1da462,4809240,1701538404,12/2/2023 17:33,0x2137c263aa1ebc16e6a820dc988c494a8b249696,0x079d08d489a10f07f43df6f2c1b9069fa110cf96,,0,0,0,4.66953E-06,0,,,,Grant Permission
0xbfd1834e0dd698847821b0742496957e9278580264441f1ed5b12d62271ff4ba,4809242,1701538452,12/2/2023 17:34,0x2137c263aa1ebc16e6a820dc988c494a8b249696,0x079d08d489a10f07f43df6f2c1b9069fa110cf96,,0,0,0,7.85358E-06,0,,,,0xdd8b143e
0x2c0f0107dc558e9221b67f05a47ec50f69e26a4ed0e77347a65d8ba277146874,4809253,1701538584,12/2/2023 17:36,0x2137c263aa1ebc16e6a820dc988c494a8b249696,0x079d08d489a10f07f43df6f2c1b9069fa110cf96,,0,0,0,5.20432E-06,0,,,,Grant Permission
0x19952e4c5ec0dc6c2ca305a0f7bf430b246e4339d194bfbbeb7cf5c64a59f9f0,4809254,1701538608,12/2/2023 17:36,0x2137c263aa1ebc16e6a820dc988c494a8b249696,0x079d08d489a10f07f43df6f2c1b9069fa110cf96,,0,0,0,9.29339E-06,0,,,,0xdd8b143e
0x80682e1e00dc408d73866891f9bf642a8a08c8dc91e0ec9f4964272228fc9839,4809256,1701538632,12/2/2023 17:37,0x2137c263aa1ebc16e6a820dc988c494a8b249696,0x079d08d489a10f07f43df6f2c1b9069fa110cf96,,0,0,0,4.44049E-06,0,,,,Grant Permission
0x5de1c4fc428cdcb44a91c07762640af3fa25a571686c24fe5ff619fa2af10d72,4809257,1701538644,12/2/2023 17:37,0x2137c263aa1ebc16e6a820dc988c494a8b249696,0x079d08d489a10f07f43df6f2c1b9069fa110cf96,,0,0,0,8.57741E-06,0,,,,0xdd8b143e
0x54fbe0bdc0a210136e38b1f2ff7626be1c150dae41d617403e7ef65fc49dcb7b,4809258,1701538656,12/2/2023 17:37,0x2137c263aa1ebc16e6a820dc988c494a8b249696,0x079d08d489a10f07f43df6f2c1b9069fa110cf96,,0,0,0,4.04652E-06,0,,,,Grant Permission
0xfdfd00d73fbd315459dd2cc66be26fb29a957b9f8c9ad0b2cde0a7b6a7879924,4809269,1701538788,12/2/2023 17:39,0x2137c263aa1ebc16e6a820dc988c494a8b249696,0x079d08d489a10f07f43df6f2c1b9069fa110cf96,,0,0,0,9.60802E-06,0,,,,0xdd8b143e
0x92fab9945de8215d412894560ac227e10e6cc4b153d433d0586206455ce3e18c,4809270,1701538800,12/2/2023 17:40,0x2137c263aa1ebc16e6a820dc988c494a8b249696,0x079d08d489a10f07f43df6f2c1b9069fa110cf96,,0,0,0,4.62631E-06,0,,,,Grant Permission
0xe05e608a58126204b72a2f5aff466711e946e48e223e1c94851f3b99a9516676,4809271,1701538812,12/2/2023 17:40,0x2137c263aa1ebc16e6a820dc988c494a8b249696,0x079d08d489a10f07f43df6f2c1b9069fa110cf96,,0,0,0,8.848E-06,0,,,,0xdd8b143e
0x14dde18cefc6f61d2152b72a108ce6061ca43676f13a7c3e4b983c3544e62112,4809272,1701538824,12/2/2023 17:40,0x2137c263aa1ebc16e6a820dc988c494a8b249696,0x079d08d489a10f07f43df6f2c1b9069fa110cf96,,0,0,0,3.91287E-06,0,,,,Grant Permission
0x4df1ed952b6e6c7fe9aaa63da1bb95f1c6556c28f3ca91e0377d2a8ee7cba541,4809282,1701538956,12/2/2023 17:42,0x2137c263aa1ebc16e6a820dc988c494a8b249696,0x079d08d489a10f07f43df6f2c1b9069fa110cf96,,0,0,0,1.40631E-05,0,,,,0xdd8b143e
0xb19b231fad1ee3cc9c0da9a0c90305b7d142f1d30e601172588b4768e3e40c51,4809283,1701538968,12/2/2023 17:42,0x2137c263aa1ebc16e6a820dc988c494a8b249696,0x079d08d489a10f07f43df6f2c1b9069fa110cf96,,0,0,0,6.18197E-06,0,,,,Grant Permission
0x380fcac75636072878f106101a75d8f0a9f87ebf24c83344d644c07d6ab390b3,4809284,1701538980,12/2/2023 17:43,0x2137c263aa1ebc16e6a820dc988c494a8b249696,0x079d08d489a10f07f43df6f2c1b9069fa110cf96,,0,0,0,1.26028E-05,0,,,,0xdd8b143e
0x9e68f9d4c94893d7db1b96095b28821b13c39854a625a2a3e3eaf87ea00250ba,4809288,1701539028,12/2/2023 17:43,0x2137c263aa1ebc16e6a820dc988c494a8b249696,0x079d08d489a10f07f43df6f2c1b9069fa110cf96,,0,0,0,5.44363E-06,0,,,,Grant Permission
0x1d92c89e9a2e89e66d8c94e12eb50ced329f5c9638b23583fb9b5c84a0756be4,4809289,1701539040,12/2/2023 17:44,0x2137c263aa1ebc16e6a820dc988c494a8b249696,0x079d08d489a10f07f43df6f2c1b9069fa110cf96,,0,0,0,1.14515E-05,0,,,,0xdd8b143e
0xcf3a3020120bbb2039a10d5fecd8efeed19bff035d6fce1241e98d2a00f16c22,4809290,1701539052,12/2/2023 17:44,0x2137c263aa1ebc16e6a820dc988c494a8b249696,0x079d08d489a10f07f43df6f2c1b9069fa110cf96,,0,0,0,4.62973E-06,0,,,,Grant Permission
0x6716b884aea1b3d149e6313272f26581849f7cf4f46aea7696bc701e6a1e7c1e,4809291,1701539064,12/2/2023 17:44,0x2137c263aa1ebc16e6a820dc988c494a8b249696,0x079d08d489a10f07f43df6f2c1b9069fa110cf96,,0,0,0,9.68317E-06,0,,,,0xdd8b143e
0x9453d27d1de41478a281d1c31c8be08d434933283c320ae0bbede5239b959eb7,4809292,1701539088,12/2/2023 17:44,0x2137c263aa1ebc16e6a820dc988c494a8b249696,0x079d08d489a10f07f43df6f2c1b9069fa110cf96,,0,0,0,3.94498E-06,0,,,,Grant Permission
0x3484174c0b306e4bffc6bb81df237e6a15ae6158130e64cc218792c2bbb34cc6,4809311,1701539340,12/2/2023 17:49,0x2137c263aa1ebc16e6a820dc988c494a8b249696,0x079d08d489a10f07f43df6f2c1b9069fa110cf96,,0,0,0,1.19399E-05,0,,,,0xdd8b143e
0xde9ef42dec2a90ec1e53384e087da52d126a0ed1bcfa7e00d2553d8af844848a,4809312,1701539352,12/2/2023 17:49,0x2137c263aa1ebc16e6a820dc988c494a8b249696,0x079d08d489a10f07f43df6f2c1b9069fa110cf96,,0,0,0,1.21274E-05,0,,,,0xdd8b143e
0xb56fc8cb24595eab7d253d3e0e1abeff890fd4dd9eecfc58cbe7f0f0805e62e3,4809314,1701539376,12/2/2023 17:49,0x2137c263aa1ebc16e6a820dc988c494a8b249696,0x079d08d489a10f07f43df6f2c1b9069fa110cf96,,0,0,0,4.47846E-06,0,,,,Grant Permission
0x6bdaa8ae536bbc31f57ca74d460581f49cd009a2578bc42885e0d5af3c1ecf09,4809315,1701539388,12/2/2023 17:49,0x2137c263aa1ebc16e6a820dc988c494a8b249696,0x079d08d489a10f07f43df6f2c1b9069fa110cf96,,0,0,0,1.07465E-05,0,,,,0xdd8b143e
0x80d2e570a0cfd13d3d575e63f38b631b0eb34f47b7b36ba1e81b19899b544276,4809325,1701539556,12/2/2023 17:52,0x2137c263aa1ebc16e6a820dc988c494a8b249696,0x079d08d489a10f07f43df6f2c1b9069fa110cf96,,0,0,0,5.13363E-06,0,,,,Grant Permission
0xd0ce7e7685f3b3f98a1bc154cc01323a5fe364f02fa48378965936c85a8a1f43,4809328,1701539592,12/2/2023 17:53,0x2137c263aa1ebc16e6a820dc988c494a8b249696,0x079d08d489a10f07f43df6f2c1b9069fa110cf96,,0,0,0,1.22716E-05,0,,,,0xdd8b143e
0x02d3deec1fd450f8bc96c64e8c292cba08b4f03b20e40178cb21d4dc8fe53629,4809329,1701539604,12/2/2023 17:53,0x2137c263aa1ebc16e6a820dc988c494a8b249696,0x079d08d489a10f07f43df6f2c1b9069fa110cf96,,0,0,0,4.6664E-06,0,,,,Grant Permission
0xe7da271838ce05e1279f80dc61b860c905b3beb6e627329c67128abae76d7969,4809330,1701539616,12/2/2023 17:53,0x2137c263aa1ebc16e6a820dc988c494a8b249696,0x079d08d489a10f07f43df6f2c1b9069fa110cf96,,0,0,0,1.10206E-05,0,,,,0xdd8b143e
0x3625fdf411bc3fb02be380917a3700c61dba2e6f0965c41ff7850f55d17aac71,4809331,1701539628,12/2/2023 17:53,0x2137c263aa1ebc16e6a820dc988c494a8b249696,0x079d08d489a10f07f43df6f2c1b9069fa110cf96,,0,0,0,4.15048E-06,0,,,,Grant Permission
0xe421576547b6459d9929b2d3b92bc14d895edaa549c79e55334abcf38eb0c7db,4809332,1701539640,12/2/2023 17:54,0x2137c263aa1ebc16e6a820dc988c494a8b249696,0x079d08d489a10f07f43df6f2c1b9069fa110cf96,,0,0,0,1.05357E-05,0,,,,0xdd8b143e
0x68cc9880597cdf6c73aae5084e24456cefe9942dba958d97e84b2fede59b83dd,4809342,1701539820,12/2/2023 17:57,0x2137c263aa1ebc16e6a820dc988c494a8b249696,0x079d08d489a10f07f43df6f2c1b9069fa110cf96,,0,0,0,5.15677E-06,0,,,,Grant Permission
0xacc6d49ec04b42092e6ee0e565920c1a5299b49839bbce5192f88f38d5ba238a,4809343,1701539832,12/2/2023 17:57,0x2137c263aa1ebc16e6a820dc988c494a8b249696,0x079d08d489a10f07f43df6f2c1b9069fa110cf96,,0,0,0,1.32435E-05,0,,,,0xdd8b143e
0x2fa5d3cbcc2d3e276fca69da9a63dff553266c9958ad4b0ae19b828875904530,4809353,1701539964,12/2/2023 17:59,0x2137c263aa1ebc16e6a820dc988c494a8b249696,0x079d08d489a10f07f43df6f2c1b9069fa110cf96,,0,0,0,1.62132E-05,0,,,,0xdd8b143e
0x8c14a0730f932a168910ffb00626692e960da33c6ab1aebdf0d93948d710b3ef,4809552,1701542664,12/2/2023 18:44,0x2137c263aa1ebc16e6a820dc988c494a8b249696,0x079d08d489a10f07f43df6f2c1b9069fa110cf96,,0,0,0,5.2749E-06,0,,,,Grant Permission
0x5a43f815c46e83a7cab3cab064e493970ad6be994c18a5e97f966fdf5389016b,4809554,1701542688,12/2/2023 18:44,0x2137c263aa1ebc16e6a820dc988c494a8b249696,0x079d08d489a10f07f43df6f2c1b9069fa110cf96,,0,0,0,4.36819E-06,0,,,,Grant Permission
0x7171ea11977a64ce072f553c0cc8101ccb45ed1cfa2d10236414e24ec328680c,4809557,1701542724,12/2/2023 18:45,0x2137c263aa1ebc16e6a820dc988c494a8b249696,0x079d08d489a10f07f43df6f2c1b9069fa110cf96,,0,0,0,1.16093E-05,0,,,,0xdd8b143e
0xa2cb27afdaba36599571efa35d3915b734ba6a5f767421496d500da4b0fb9099,4809558,1701542736,12/2/2023 18:45,0x2137c263aa1ebc16e6a820dc988c494a8b249696,0x079d08d489a10f07f43df6f2c1b9069fa110cf96,,0,0,0,4.12597E-06,0,,,,Grant Permission
0x9aeae4819699987e612657d6a66dbdd38c488423a0fcd1395fa7d758f0b63ed8,4809559,1701542748,12/2/2023 18:45,0x2137c263aa1ebc16e6a820dc988c494a8b249696,0x079d08d489a10f07f43df6f2c1b9069fa110cf96,,0,0,0,1.05122E-05,0,,,,0xdd8b143e
0x19e52b09cf0c731c3d0849bdcb208521726c8472e4ef054595d3024678a27c26,4809560,1701542760,12/2/2023 18:46,0x2137c263aa1ebc16e6a820dc988c494a8b249696,0x079d08d489a10f07f43df6f2c1b9069fa110cf96,,0,0,0,3.49438E-06,0,,,,Grant Permission
0x8ccff258b226eff045ccefd7852a4b0d61fc65eb67ff32cca833e12152e5ab25,4809570,1701542892,12/2/2023 18:48,0x2137c263aa1ebc16e6a820dc988c494a8b249696,0x079d08d489a10f07f43df6f2c1b9069fa110cf96,,0,0,0,1.80742E-05,0,,,,0xdd8b143e
0x412e3a5388d30e89f992f9106f09dfeb26d3b6e47bff72d1e75c692837093178,4809571,1701542916,12/2/2023 18:48,0x2137c263aa1ebc16e6a820dc988c494a8b249696,0x079d08d489a10f07f43df6f2c1b9069fa110cf96,,0,0,0,6.01213E-06,0,,,,Grant Permission
0x4826364a75ea4def07ffdad8d92302e85032c9d649af50edcfc11f6b37ad14d7,4809573,1701542952,12/2/2023 18:49,0x2137c263aa1ebc16e6a820dc988c494a8b249696,0x079d08d489a10f07f43df6f2c1b9069fa110cf96,,0,0,0,1.64629E-05,0,,,,0xdd8b143e
0x87f3aeea1b7f7ad29ecccd42ded51015e2f9fed74e227ad96ca68c384c82e8f8,4809574,1701542964,12/2/2023 18:49,0x2137c263aa1ebc16e6a820dc988c494a8b249696,0x079d08d489a10f07f43df6f2c1b9069fa110cf96,,0,0,0,5.6147E-06,0,,,,Grant Permission
0x189659eee98856bb3eed88bacd086db6b1fce710dde95a59911fed85c35d9129,4809584,1701543120,12/2/2023 18:52,0x2137c263aa1ebc16e6a820dc988c494a8b249696,0x079d08d489a10f07f43df6f2c1b9069fa110cf96,,0,0,0,6.1104E-06,0,,,,Grant Permission
0x627aa0eeaa9f0204b378859058c5575a9ff73c9d59e496d0c220aa09c9c5c23c,4809585,1701543132,12/2/2023 18:52,0x2137c263aa1ebc16e6a820dc988c494a8b249696,0x079d08d489a10f07f43df6f2c1b9069fa110cf96,,0,0,0,1.74102E-05,0,,,,0xdd8b143e
0xcd34a621f19d5472d6668f1547041f46c10c32f37d18c3c0703e2d2c9c87728a,4809588,1701543168,12/2/2023 18:52,0x2137c263aa1ebc16e6a820dc988c494a8b249696,0x079d08d489a10f07f43df6f2c1b9069fa110cf96,,0,0,0,5.40862E-06,0,,,,Grant Permission
0x29bf939372a64341857adb8d7519e265f64efda1d85ab92575ea33d93605a42d,4809589,1701543180,12/2/2023 18:53,0x2137c263aa1ebc16e6a820dc988c494a8b249696,0x079d08d489a10f07f43df6f2c1b9069fa110cf96,,0,0,0,1.48221E-05,0,,,,0xdd8b143e
0x2720d946ac6bee125bb596438581b88e2b3e2bd823a0d04488134f76f252fb30,4809590,1701543192,12/2/2023 18:53,0x2137c263aa1ebc16e6a820dc988c494a8b249696,0x079d08d489a10f07f43df6f2c1b9069fa110cf96,,0,0,0,4.61597E-06,0,,,,Grant Permission
0x9e135178474ee186a76959a3bc7a4da8098747f43c6a3643176edccfb86afdee,4809591,1701543216,12/2/2023 18:53,0x2137c263aa1ebc16e6a820dc988c494a8b249696,0x079d08d489a10f07f43df6f2c1b9069fa110cf96,,0,0,0,1.31198E-05,0,,,,0xdd8b143e
0x15906987dd4ed07896002defed2472a9cd0d43615926f7a48479d808bae1be8d,4809592,1701543240,12/2/2023 18:54,0x2137c263aa1ebc16e6a820dc988c494a8b249696,0x079d08d489a10f07f43df6f2c1b9069fa110cf96,,0,0,0,4.04477E-06,0,,,,Grant Permission
0xc4e6803586adddc6e0c6891459c2ee1559296a48df6966650e732cbd0e5b1633,4809593,1701543252,12/2/2023 18:54,0x2137c263aa1ebc16e6a820dc988c494a8b249696,0x079d08d489a10f07f43df6f2c1b9069fa110cf96,,0,0,0,1.21651E-05,0,,,,0xdd8b143e
0xa0d5241536c65a70f4870205def67b7a7a2257f097c094e54f4518471236aa61,4809594,1701543264,12/2/2023 18:54,0x2137c263aa1ebc16e6a820dc988c494a8b249696,0x079d08d489a10f07f43df6f2c1b9069fa110cf96,,0,0,0,3.86552E-06,0,,,,Grant Permission
0x2964051da105c8d997c327a3b624f4c2cae0fd5bf3dc0b208b27843a2d231985,4809610,1701543492,12/2/2023 18:58,0x2137c263aa1ebc16e6a820dc988c494a8b249696,0x079d08d489a10f07f43df6f2c1b9069fa110cf96,,0,0,0,1.68133E-05,0,,,,0xdd8b143e
0x9bd592eb08543e5753ab96fedae17bdc80b8a86df5c47b7638630c7aacdb3724,4809619,1701543612,12/2/2023 19:00,0x2137c263aa1ebc16e6a820dc988c494a8b249696,0x079d08d489a10f07f43df6f2c1b9069fa110cf96,,0,0,0,5.29254E-06,0,,,,Grant Permission
0xcc0527b0965630e7dd985598573f9615285ab81b506f827f2d09b34f2a2c1de4,4809620,1701543624,12/2/2023 19:00,0x2137c263aa1ebc16e6a820dc988c494a8b249696,0x079d08d489a10f07f43df6f2c1b9069fa110cf96,,0,0,0,1.62043E-05,0,,,,0xdd8b143e
0x9113cef74d8b6965e93a65a8576314ce1763d450b0b85133f80e3964582a4c16,4809621,1701543648,12/2/2023 19:00,0x2137c263aa1ebc16e6a820dc988c494a8b249696,0x079d08d489a10f07f43df6f2c1b9069fa110cf96,,0,0,0,4.7241E-06,0,,,,Grant Permission
0x2e715e097065a0f04cd80c012eee88dfc194ba1937c6f90003550b0cb68ec104,4809622,1701543696,12/2/2023 19:01,0x2137c263aa1ebc16e6a820dc988c494a8b249696,0x079d08d489a10f07f43df6f2c1b9069fa110cf96,,0,0,0,1.44636E-05,0,,,,0xdd8b143e
0x6022d8b12f6b74ba7985d11ad528289ab4acd273e76bd196b77b08173b242cfc,4809627,1701543756,12/2/2023 19:02,0x2137c263aa1ebc16e6a820dc988c494a8b249696,0x079d08d489a10f07f43df6f2c1b9069fa110cf96,,0,0,0,4.19318E-06,0,,,,Grant Permission
0xbbe6e95cfdc0ceecb821469259470cae16e4434c1598cfdb0a45e7d25633aa8d,4809637,1701543900,12/2/2023 19:05,0x2137c263aa1ebc16e6a820dc988c494a8b249696,0x079d08d489a10f07f43df6f2c1b9069fa110cf96,,0,0,0,1.85443E-05,0,,,,0xdd8b143e
0x3e69963e48a0428794d43efa2fd2b994bf95fcd0f94f9daa40df27a105ae3059,4809638,1701543924,12/2/2023 19:05,0x2137c263aa1ebc16e6a820dc988c494a8b249696,0x079d08d489a10f07f43df6f2c1b9069fa110cf96,,0,0,0,5.496E-06,0,,,,Grant Permission
0xfb67d6b8035f22e960d1f923c7702e403ccf7f6e5b0f00cc68cc7c9301d8f63c,4809639,1701543936,12/2/2023 19:05,0x2137c263aa1ebc16e6a820dc988c494a8b249696,0x079d08d489a10f07f43df6f2c1b9069fa110cf96,,0,0,0,1.82951E-05,0,,,,0xdd8b143e
0x033384e9f70f8e79ff164ed0170ba6f8fd001a62e74b60f494229ba85fe323c5,4809640,1701543948,12/2/2023 19:05,0x2137c263aa1ebc16e6a820dc988c494a8b249696,0x079d08d489a10f07f43df6f2c1b9069fa110cf96,,0,0,0,5.21986E-06,0,,,,Grant Permission
0xb75d04e9f62ba28b199c63c3f3873aa683cc8291bc2e271c10c165f36d6aae89,4809643,1701543984,12/2/2023 19:06,0x2137c263aa1ebc16e6a820dc988c494a8b249696,0x079d08d489a10f07f43df6f2c1b9069fa110cf96,,0,0,0,1.69246E-05,0,,,,0xdd8b143e
0x6250cdb44b87d0e4901ec71e0fc985b1699aa3811508c714b5a1d9e573bc08f4,4809645,1701544008,12/2/2023 19:06,0x2137c263aa1ebc16e6a820dc988c494a8b249696,0x079d08d489a10f07f43df6f2c1b9069fa110cf96,,0,0,0,4.68729E-06,0,,,,Grant Permission
0xbc2a52642e972fe251b884243fb4352e7814e15ab4fcdccd2e7ce0797d23e431,4809646,1701544020,12/2/2023 19:07,0x2137c263aa1ebc16e6a820dc988c494a8b249696,0x079d08d489a10f07f43df6f2c1b9069fa110cf96,,0,0,0,1.49365E-05,0,,,,0xdd8b143e
0x76f047b8c055139857c1a4e25bba16966a82eaabedc0b7658689c87ac60af4e2,4809647,1701544032,12/2/2023 19:07,0x2137c263aa1ebc16e6a820dc988c494a8b249696,0x079d08d489a10f07f43df6f2c1b9069fa110cf96,,0,0,0,4.02227E-06,0,,,,Grant Permission
0x9cac7b16f9da8bf2d9152d32df29aac4d3411e16bca908a721b109f44fd3aee1,4809658,1701544164,12/2/2023 19:09,0x2137c263aa1ebc16e6a820dc988c494a8b249696,0x079d08d489a10f07f43df6f2c1b9069fa110cf96,,0,0,0,2.10607E-05,0,,,,0xdd8b143e
0x820b9c2e20cfba4525b8804248f189e506ab316ad35fa206eb9e86b773da1f62,4809659,1701544200,12/2/2023 19:10,0x2137c263aa1ebc16e6a820dc988c494a8b249696,0x079d08d489a10f07f43df6f2c1b9069fa110cf96,,0,0,0,5.6307E-06,0,,,,Grant Permission
0xc780bb6f51a46d3c0921851e9113cbcc328ac0a867ba3eec8023f01a6b6313ea,4809661,1701544236,12/2/2023 19:10,0x2137c263aa1ebc16e6a820dc988c494a8b249696,0x079d08d489a10f07f43df6f2c1b9069fa110cf96,,0,0,0,1.92312E-05,0,,,,0xdd8b143e
0x6f30cc277fff7826d13e02ade8915c85e4de591c31bcc822111ca5bb097f314f,4809662,1701544248,12/2/2023 19:10,0x2137c263aa1ebc16e6a820dc988c494a8b249696,0x079d08d489a10f07f43df6f2c1b9069fa110cf96,,0,0,0,5.22018E-06,0,,,,Grant Permission
0xbbea3a2417576557b735651808990084c35147f23a123f417f3a0f17f08d7328,4809668,1701544320,12/2/2023 19:12,0x2137c263aa1ebc16e6a820dc988c494a8b249696,0x079d08d489a10f07f43df6f2c1b9069fa110cf96,,0,0,0,1.7645E-05,0,,,,0xdd8b143e
0x0188897355eb09b1e9158238e37badfd9c39b56e39e34d0d462b61759fb59bf8,4809669,1701544332,12/2/2023 19:12,0x2137c263aa1ebc16e6a820dc988c494a8b249696,0x079d08d489a10f07f43df6f2c1b9069fa110cf96,,0,0,0,4.51344E-06,0,,,,Grant Permission
0x0ce6650d9ae191bc4001248f4385f18d142ac157878930c3556470626aa72eb2,4809670,1701544344,12/2/2023 19:12,0x2137c263aa1ebc16e6a820dc988c494a8b249696,0x079d08d489a10f07f43df6f2c1b9069fa110cf96,,0,0,0,1.60066E-05,0,,,,0xdd8b143e
0x2465153ea4a8beccdce49bcca7afd05247e1e67c0acfc5929c962bee3e4d819b,4809671,1701544356,12/2/2023 19:12,0x2137c263aa1ebc16e6a820dc988c494a8b249696,0x079d08d489a10f07f43df6f2c1b9069fa110cf96,,0,0,0,4.11638E-06,0,,,,Grant Permission
0xec31e0aa410c9d4357500377e8c0970211132e432fc21405b66a1f5dfb8bef69,4809672,1701544368,12/2/2023 19:12,0x2137c263aa1ebc16e6a820dc988c494a8b249696,0x079d08d489a10f07f43df6f2c1b9069fa110cf96,,0,0,0,1.44608E-05,0,,,,0xdd8b143e
0xb72fcb546708d763312e63bd1d90e5507a79218f8f21c3258092d860958cbce7,4809686,1701544572,12/2/2023 19:16,0x2137c263aa1ebc16e6a820dc988c494a8b249696,0x079d08d489a10f07f43df6f2c1b9069fa110cf96,,0,0,0,5.47081E-06,0,,,,Grant Permission
0x4ee5bae8bf638abb3b00651e267bebe7a011f3d23e37222ba67b1e61270d09f5,4809688,1701544596,12/2/2023 19:16,0x2137c263aa1ebc16e6a820dc988c494a8b249696,0x079d08d489a10f07f43df6f2c1b9069fa110cf96,,0,0,0,1.98048E-05,0,,,,0xdd8b143e
0x329f9a38b686edbd5424640134815ef5fa6e0b7ede14c1173b532860a6306792,4809689,1701544608,12/2/2023 19:16,0x2137c263aa1ebc16e6a820dc988c494a8b249696,0x079d08d489a10f07f43df6f2c1b9069fa110cf96,,0,0,0,4.89661E-06,0,,,,Grant Permission
0xf9e0cc50b7ee7255a2b9d4fbdb4b35ef5666038fa25137a37d59c2121316d993,4809690,1701544620,12/2/2023 19:17,0x2137c263aa1ebc16e6a820dc988c494a8b249696,0x079d08d489a10f07f43df6f2c1b9069fa110cf96,,0,0,0,1.82603E-05,0,,,,0xdd8b143e
0x41eb0d92931a48d4f9e7c6b7a5e3832ed2745b50a14019106ee1fc46c98749f9,4809691,1701544632,12/2/2023 19:17,0x2137c263aa1ebc16e6a820dc988c494a8b249696,0x079d08d489a10f07f43df6f2c1b9069fa110cf96,,0,0,0,4.43328E-06,0,,,,Grant Permission
0x9d83c226f70204d049a5093b6c70e85dfe18c15a5d0a5afcae44c40026cfde9a,4809692,1701544644,12/2/2023 19:17,0x2137c263aa1ebc16e6a820dc988c494a8b249696,0x079d08d489a10f07f43df6f2c1b9069fa110cf96,,0,0,0,1.61443E-05,0,,,,0xdd8b143e
0x90a65042a17f9aa6b55ed2e4ed8045b68c36f0148329144131f5d4a5c156853d,4809693,1701544656,12/2/2023 19:17,0x2137c263aa1ebc16e6a820dc988c494a8b249696,0x079d08d489a10f07f43df6f2c1b9069fa110cf96,,0,0,0,4.0138E-06,0,,,,Grant Permission
0xf42c5a4c0e0faff1178687b86eda57cefa0245540970af5df8b78ef5236ffc8d,4809694,1701544668,12/2/2023 19:17,0x2137c263aa1ebc16e6a820dc988c494a8b249696,0x079d08d489a10f07f43df6f2c1b9069fa110cf96,,0,0,0,1.43007E-05,0,,,,0xdd8b143e
0x91f5fc899249a344f8ec98dbc6b7e45ffc9a6a66d2250ea6996afa7fc488fbd7,4809698,1701544716,12/2/2023 19:18,0x2137c263aa1ebc16e6a820dc988c494a8b249696,0x079d08d489a10f07f43df6f2c1b9069fa110cf96,,0,0,0,3.37707E-06,0,,,,Grant Permission
0x14be7c20d906b9e39c333b54e2b232b0c7746b23f3fd09a99fa5c538102d554e,4809717,1701544980,12/2/2023 19:23,0x2137c263aa1ebc16e6a820dc988c494a8b249696,0x079d08d489a10f07f43df6f2c1b9069fa110cf96,,0,0,0,2.44338E-05,0,,,,0xdd8b143e
0x9d42e57d011141b9a979985ae8efd30bbaf0ab5cab0c3b674da2f79d2d8c4f1b,4809718,1701544992,12/2/2023 19:23,0x2137c263aa1ebc16e6a820dc988c494a8b249696,0x079d08d489a10f07f43df6f2c1b9069fa110cf96,,0,0,0,5.56486E-06,0,,,,Grant Permission
0x7c13ccb9a94fc372b9d322b4e1fa7245ba8e2b4e9895c607aceb758e5b12c223,4809721,1701545040,12/2/2023 19:24,0x2137c263aa1ebc16e6a820dc988c494a8b249696,0x079d08d489a10f07f43df6f2c1b9069fa110cf96,,0,0,0,2.06354E-05,0,,,,0xdd8b143e
0x655d3c6d5470f574c209bf6072205c92fdceef0d4b42ef1b5f9f2ee2fad9949f,4809722,1701545052,12/2/2023 19:24,0x2137c263aa1ebc16e6a820dc988c494a8b249696,0x079d08d489a10f07f43df6f2c1b9069fa110cf96,,0,0,0,4.96001E-06,0,,,,Grant Permission
0x25f1aa8dd5011c09127fd2eaf709b718d24f7f8b6c7f357be3f7d593f2935d66,4809723,1701545064,12/2/2023 19:24,0x2137c263aa1ebc16e6a820dc988c494a8b249696,0x079d08d489a10f07f43df6f2c1b9069fa110cf96,,0,0,0,1.8811E-05,0,,,,0xdd8b143e
0x8555e769e364c64b3bc86e0fad94a7313d7a2b7c74c0f0613dff4ca836e77d9c,4809724,1701545076,12/2/2023 19:24,0x2137c263aa1ebc16e6a820dc988c494a8b249696,0x079d08d489a10f07f43df6f2c1b9069fa110cf96,,0,0,0,4.38486E-06,0,,,,Grant Permission
0x40d72cb888be5dfd01c758fb010d76c9337927951985eb3675442de55ce2782a,4809725,1701545088,12/2/2023 19:24,0x2137c263aa1ebc16e6a820dc988c494a8b249696,0x079d08d489a10f07f43df6f2c1b9069fa110cf96,,0,0,0,1.68511E-05,0,,,,0xdd8b143e
0x0dd6a2d7f3b1027e7a8e92122c6d3f80c9541666c1efe91e13c7270bd8a7be82,4809730,1701545184,12/2/2023 19:26,0x2137c263aa1ebc16e6a820dc988c494a8b249696,0x079d08d489a10f07f43df6f2c1b9069fa110cf96,,0,0,0,3.71607E-06,0,,,,Grant Permission
0xb30d11876330d2800d38b175f5c66cb9862a436e924a1578b68c7610ef743e09,4809741,1701545316,12/2/2023 19:28,0x2137c263aa1ebc16e6a820dc988c494a8b249696,0x079d08d489a10f07f43df6f2c1b9069fa110cf96,,0,0,0,2.40194E-05,0,,,,0xdd8b143e
0xf14fb81bc8cce93b4406ab6d904eb46684576d2ebcacbae05fecae173df2d15c,4809742,1701545340,12/2/2023 19:29,0x2137c263aa1ebc16e6a820dc988c494a8b249696,0x079d08d489a10f07f43df6f2c1b9069fa110cf96,,0,0,0,2.25025E-05,0,,,,0xdd8b143e
