Id,ORGANIZATION,NAME,GENDER,SPECIALITY,ADDRESS,CITY,STATE,ZIP,LAT,LON,ENCOUNTERS,PROCEDURES
98d204d1-843f-3d8c-a28b-54ff5fe78d37,74ab949d-17ac-3309-83a0-13b4405c66aa,Ted955 Reilly981,M,GENERAL PRACTICE,881 Main Street,Fitchburg,MA,01420,42.586487,-71.80521,194,0
2faa16d6-a285-3423-a8b3-49e595558853,588f6ce6-b8db-3588-8189-29db2680a313,Terence292 Brakus656,M,GENERAL PRACTICE,461 WALNUT AVE,JAMAICA PLAIN,MA,021302331,42.311587599999996,-71.09800136347226,44,0
631b0a2f-dd41-32f7-a607-87963b639412,aa682136-a4df-3942-9f50-e6fcee6c0b73,Precious140 Runolfsson901,F,GENERAL PRACTICE,501 CORDWAINER DRIVE,NORWELL,MA,020611630,42.1647071,-70.88149077838713,66,0
dac11915-c679-36f3-9e0e-e228af2467c0,a418cf76-2ee3-3736-a752-29ee33e86015,Nicolas769 Kuhlman484,M,GENERAL PRACTICE,62 CENTER STREET,FAIRHAVEN,MA,027193823,41.63663425,-70.90101829397507,5,0
b0d3436a-b89f-3c64-9e48-cb8f629dc14a,2936ca90-6594-357d-be14-53fe0ab84dd1,Avis183 Ankunding277,F,GENERAL PRACTICE,11 TREMONT ST,KINGSTON,MA,023641231,42.00823215,-70.72984043580247,19,0
de33e7eb-623e-3cff-98fd-056ca3548ea9,ab701a70-a658-340e-8f69-ee196a7d40c6,Bud153 Parisian75,M,GENERAL PRACTICE,484 RTE 134,WORCESTER,MA,016071728,42.2625621,-71.8018877,236,0
8c67376f-1d5c-366e-a9f8-24a4fcf7900a,11ba6a26-59b4-3728-a268-6dc9929962b4,Angelic427 McCullough561,F,GENERAL PRACTICE,200 GOVERNORS AVENUE,MEDFORD,MA,021551644,42.42711615,-71.1121606632448,3,0
a4933816-d508-3669-afe5-f35988f80fd3,8a2e2731-3240-39d1-b4f0-cad14200937d,Carter549 Ritchie586,M,GENERAL PRACTICE,88 WASHINGTON ST,TAUNTON,MA,027802465,41.9062805,-71.09518121351795,43,0
300d95e1-8e24-3245-a989-7636f6bd44e7,75f0d4cd-dbbb-3037-b6ad-2e99665728c7,Kim439 Friesen796,M,GENERAL PRACTICE,70 FULTON ST,BOSTON,MA,021091402,42.362439499999994,-71.05377386223965,68,0
1a8230dc-58ac-366b-a29f-b41d8da4656f,b4359169-6bc8-3e93-9e0c-19c6bf518e58,Kurt412 Auer97,M,GENERAL PRACTICE,126 MONUMENT ST,HAVERHILL,MA,018322527,42.78715445,-71.10946686154523,4,0
dc2506eb-26ef-34e6-a07e-8ea1c4f22697,667b46fe-0afa-3f70-a311-bbe3d52db050,Mickey576 Borer986,F,GENERAL PRACTICE,757 BOSTON POST RD,WORCESTER,MA,016071728,42.231371,-72.165386,16,0
3211e7c0-3559-3643-b585-e353fbaeedf2,a4af40b8-0ddb-34bb-ae4a-95a17e9ad6f3,Tambra47 Heaney114,F,GENERAL PRACTICE,100 MYLES STANDISH BOULEVARD  SUITE 103,TAUNTON,MA,027807340,41.948930849999996,-71.14141318475193,51,0
3e772a6a-52d2-3672-99c0-0709cf3324a5,bdc3ee76-9cf3-316d-b202-a8da1ea3fa20,Laverna97 Rippin620,F,GENERAL PRACTICE,130 RUMFORD AVENUE  SUITE 211,AUBURNDALE,MA,024661370,42.35853505,-71.24125521214887,1,0
8ea209f0-46aa-3f35-847c-e718c9538d6e,643eac8e-1620-3b6a-b9f3-664b003d22cd,Lasonya941 Kiehn525,F,GENERAL PRACTICE,34 GIFFORD ST,NEW BEDFORD,MA,027442610,41.6177929,-70.91890087055067,87,0
35232db4-f682-37bb-b223-d71058df9369,5fcff9db-16e4-3e56-aa78-abbc16338097,Margene509 Schamberger479,F,GENERAL PRACTICE,295 VARNUM AVE,WESTFORD,MA,018863513,42.5792583,-71.4378411,117,0
71dfed1e-8c06-3f43-abc8-9beeb4d4a294,fa09396a-2926-3b21-ad0c-9f6cabbce0eb,Brigitte394 Bartoletti50,F,GENERAL PRACTICE,1210 BOSTON PROVIDENCE TPKE,NORWOOD,MA,020625061,42.1714075,-71.1951186,13,0
b0151a68-7d1a-37b6-b1fe-169b4ebbf11e,40c01d75-1542-3e0b-8e5f-78d3031beba1,Broderick767 Reynolds644,M,GENERAL PRACTICE,505 PARADISE RD,SALEM,MA,019704267,42.485927,-70.900301,52,0
57d06912-6604-3611-a4c3-93d9eefb192a,84abfbd5-41c1-3df4-9b31-7ca93cb2309a,Jean712 Block661,F,GENERAL PRACTICE,85 HERRICK ST,BEVERLY,MA,019151790,42.56415055,-70.8751357650672,28,0
c4f749eb-90f2-374d-8cd7-46bf8ae8fbfb,93c3d861-e05d-33b9-91eb-1768470229d7,Garret233 Thiel172,M,GENERAL PRACTICE,10 CENTENNIAL DR,PEABODY,MA,019607938,42.5261827,-70.9529896,8,0
bfef02b0-c108-3018-9cd4-e58cbc4873a3,c272e12f-e154-3fee-b05d-b7c0cab2657d,Shasta644 King743,F,GENERAL PRACTICE,800 WASHINGTON ST,NORWOOD,MA,020623487,42.1886973,-71.2005241,636,0
e48fb567-f074-3c80-9fe7-c74068420804,8d0f0e66-b1dc-37fd-8b4e-0dcb6b3b446e,Krystal150 Pollich983,F,GENERAL PRACTICE,200 Springs Rd.,Bedford,MA,01730,42.503376,-71.272644,5,0
7df20a1f-66dd-3c46-8862-41ca41b5b756,b99b7849-2b53-33fb-8ce2-e3a95f17ae51,Diego848 Pouros728,M,GENERAL PRACTICE,910 BOSTON POST ROAD SUITE 320,MARLBOROUGH,MA,017523761,42.355106,-71.47654,4,0
392856a8-0e76-3c5b-a540-211d1e89ea13,32fcdfba-8c93-30f4-b15b-dd3b65c29deb,Jody426 Bernhard322,M,GENERAL PRACTICE,20 NORTH MAPLE STREET,HADLEY,MA,010359715,42.3615107,-72.55261320852942,8,0
9fa165b8-0eb3-36dc-b6df-417f4618be1b,609ec9f1-e806-3427-b912-9e3b2915521d,Cherrie404 Conn188,F,GENERAL PRACTICE,575 BEECH STREET,HOLYOKE,MA,010406604,42.20105435,-72.628169560868,7,0
dd623fd8-7cb7-39d4-848c-e45c8a57d583,bff65303-97b4-3841-950a-1c9e9e735de0,Omar359 Schimmel440,M,GENERAL PRACTICE,100 AMITY ST,FALL RIVER,MA,027212202,41.6737661,-71.16934217317342,1,0
501ee87e-9360-3d1e-97ec-540908ce1f2e,bf556284-7513-3620-a10e-5393183a9a87,Rubén780 Amaya149,M,GENERAL PRACTICE,795 MIDDLE ST,FALL RIVER,MA,027211733,41.6924092,-71.16345107025307,41,0
c33c3e34-c917-3957-aa60-cf272e705a93,2b84e56e-08b4-3078-b3ea-4d159208e065,Barton704 Bahringer146,M,GENERAL PRACTICE,1029 PLEASANT ST,BRIDGEWATER,MA,023242301,41.9718173,-71.00937893001648,29,0
330efead-5edc-31dc-955d-473466fec3c0,4ffa4412-1493-3beb-b8f0-6614dde953a4,Sulema841 Ryan260,F,GENERAL PRACTICE,363 HIGHLAND AVENUE,WAREHAM,MA,025715011,41.745636,-70.658192,243,0
f8919bfb-6329-3e42-8451-0a9ff47fd6d5,a14e698d-a9ba-3eae-9c8b-682ec726433d,Karla801 Cummerata161,F,GENERAL PRACTICE,776 WESTERN AVE,LYNN,MA,019052408,42.466763,-70.9494939,4,0
f399764c-553f-3686-9ad4-b731bd26676c,dd9914b0-9491-3330-a890-d34e95e497ea,Taylor21 Haley279,M,GENERAL PRACTICE,1061 PLEASANT ST,NEW BEDFORD,MA,027406728,41.64280275,-70.92865004309593,58,0
2d93396a-4f6c-35cc-a26d-8a9d28d5e616,c3a898a1-c269-39b4-80d7-accb96a03bbc,Keith571 Friesen796,F,GENERAL PRACTICE,32 CHESTNUT ST,EAST LONGMEADOW,MA,010282803,42.0532618,-72.50214900582449,1,0
cb1ddcf2-065d-3cfc-aef5-a564f7df3a39,5ba6765a-f335-36b0-9c6a-6bb494c5330d,Sasha806 Schamberger479,F,GENERAL PRACTICE,31 OLD ROUTE 7,WESTWOOD,MA,020902333,42.2139873,-71.2244987,84,0
68a7b416-e908-3362-8d05-1ca36ef8175e,b6eeaaf7-1683-3bcb-b6ee-81ce304636ef,Zachery872 Pagac496,M,GENERAL PRACTICE,170 GOVERNORS AVE,MELROSE,MA,021763225,42.4564323,-71.064182,42,0
bd2702ad-e431-353a-b7e4-ed6daaf0f7c5,65eda534-1bdc-3192-8d02-1c3764447790,Shanell37 Hand679,F,GENERAL PRACTICE,1244 BOYLSTON ST,CHESTNUT HILL,MA,024672115,42.3214927,-71.1711481,39,0
eec5cdfe-be1d-3510-9b87-fc9e22df36dd,b03b624d-c939-3688-986d-9555b8009a3b,Bennett146 Hartmann983,M,GENERAL PRACTICE,230 MAPLE ST,HOLYOKE,MA,010405144,42.207406,-72.608419,40,0
cec6ab35-bc0f-3ddb-9c6b-d0d378e5b996,d3085315-9893-34c7-8889-3a31dc17c2b0,Ethyl508 Rau926,F,GENERAL PRACTICE,1428 MAIN ST STE 7,WALPOLE,MA,020811729,42.1325911,-71.2618886,163,0
151a3706-fea3-3f23-8eab-3814e2aea20b,ace1ac31-036a-38fd-b451-b3b87157c717,Raphael767 Thompson596,M,GENERAL PRACTICE,170 MORTON ST,BOSTON,MA,021303735,42.299067750000006,-71.10124351911541,45,0
ecff9d61-dac2-37e2-ac78-1ed8beb2c772,18061fd5-fda8-3e2d-87f0-0f3c87211bcc,Omer483 Koepp521,M,GENERAL PRACTICE,1493 CAMBRIDGE ST,SOMERVILLE,MA,021431408,42.3875968,-71.0994968,17,0
34c50cdf-8e2e-3cd2-ba0e-40e3651de3e2,4633340c-c833-30a3-ab0e-f5cfa5fda28b,Lincoln623 Trantow673,M,GENERAL PRACTICE,250 GREEN ST,GARDNER,MA,014401377,42.586896550000006,-71.98672640006858,34,0
017da715-89d5-39b4-b168-30d900d674fd,7e97f720-f99d-3402-98a4-a144aaa5bd01,Karl184 Hansen121,F,GENERAL PRACTICE,210 JONES RD,FALMOUTH,MA,025402974,41.5614958,-70.6117407224321,130,0
ff99bbc5-3649-366a-93aa-565ae007f9ae,7489f6e0-fee6-3fff-90b6-444868eb907c,Mariette443 Rau926,F,GENERAL PRACTICE,1 KIDDIE DRIVE  SUITE 106,AVON,MA,023221182,42.130150349999994,-71.05720685110387,18,0
2d48b2c1-84a2-336f-9024-6a98664a0624,1e11392b-1278-3e70-93cd-f396cbd0c265,Gerry91 Block661,F,GENERAL PRACTICE,115 LINCOLN ST,NATICK,MA,017607700,42.2843753,-71.3441395,269,0
f8472b65-0fc3-38be-a2bf-7bd27db47894,fe30f2b4-9bc8-346e-afba-4455d1766545,Wilson960 Turner526,M,GENERAL PRACTICE,17 LAFAYETTE AVENUE,CHELSEA,MA,021502010,42.40019115,-71.03050082480353,5,0
4759e0fa-ebf0-3edf-bab3-77aa7e98ef66,6cf8a214-8d57-3267-85e5-7719e15cd63e,Michel472 Zulauf375,M,GENERAL PRACTICE,170 MORTON STREET,JAMAICA PLAIN,MA,021303735,42.299067750000006,-71.10124351911541,256,0
d5983d4f-cca4-337d-9f7d-68d4da3da94c,13161e5b-02d2-3d19-8b48-26ef0becfc83,Janet238 Crooks415,F,GENERAL PRACTICE,165 CAPTAIN'S ROW,CHELSEA,MA,021504019,42.3917638,-71.0328284,3,0
61300ed9-a240-3706-84b3-869deb804bed,0fedae9f-701f-3317-9b2f-69aea2202cdc,Sharron285 Batz141,F,GENERAL PRACTICE,88 EAST NEWTON STREET,WINTHROP,MA,021522715,42.3750976,-70.982827,215,0
0ee0081b-9916-360d-9088-eb54da3479c8,a3327df4-d092-350b-b551-e60c82076c9a,Debra128 Predovic534,F,GENERAL PRACTICE,46 NORTH MAIN ST,W BROOKFIELD,MA,015853232,42.23754835,-72.13791547215251,39,0
f8265933-2848-306e-994c-494193abb629,aade280a-3b90-3e48-9648-91109a964a63,Josef103 Klein929,M,GENERAL PRACTICE,909 SUMNER ST,DARTMOUTH,MA,027473826,41.6332267,-70.9879928,205,0
59ce910e-d7e5-3dcf-84b8-03fe14ca3b00,981338c4-287c-3621-bc45-8b0b9f1b8922,Cari853 Kohler843,F,GENERAL PRACTICE,640 BOLTON ST,MARLBOROUGH,MA,017523999,42.3658183,-71.55914630258509,41,0
9e340766-dd70-3d54-90f8-65399a5770a4,96e9e829-0b71-3ad3-8b41-60e25b5d47d7,Lesley194 Crooks415,F,GENERAL PRACTICE,111 ORIENT AVE,EAST BOSTON,MA,021281006,42.39055278090538,-71.00587148689957,1,0
7ddd7609-0d14-3802-b269-ec5fba5b88cd,e59fb2d5-508c-38c6-af2e-21d8216dd2b0,Logan497 Fisher429,M,GENERAL PRACTICE,759 CHESTNUT ST,WARE,MA,010821625,42.256476,-72.237482,98,0
f948eebf-d869-3493-b81d-f87b3f81ab4e,7a3b8310-02eb-3c47-aa1b-3f55b3ed9de9,Leif534 Dare640,M,GENERAL PRACTICE,6 HATFIELD ST,NORTHAMPTON,MA,010602545,42.333172950000005,-72.6566355591273,7,0
59dde7d0-5c41-3528-8bfd-4b789f9b55b4,440fa4b8-c731-3cf5-81d9-aa3f30a37b95,Bennie663 Abbott774,M,GENERAL PRACTICE,41 & 45 MALL ROAD,PEABODY,MA,019602901,42.5278731,-70.9286609,46,0
e2fe8be4-81e5-31e8-b436-ae2d26754053,0fab3c4e-a028-39a6-b15a-be5a88b6aa2a,Cletus494 Paucek755,M,GENERAL PRACTICE,222 STATE STREET,LUDLOW,MA,010563437,42.15547415,-72.47222226666076,290,0
5136d3bb-9371-3384-b3bc-eda9a9483498,52261c45-f32b-3666-9da7-890705373c9d,Mickey576 Johnston597,F,GENERAL PRACTICE,30 PERWAL ST,WESTWOOD,MA,020901928,42.21397175,-71.1786332019174,1,0
c8756413-d8d7-35bf-b3cc-b0029bf41d03,ce53c877-0290-390a-b4b4-2462001a1713,Greg949 Hilll811,M,GENERAL PRACTICE,847 ROGERS STREET  SUITE 201,LOWELL,MA,018524345,42.6275246,-71.27673639687623,3,0
fe16a09c-98e4-3ca6-8f6b-1b6a5e640f65,e9a24be5-b0a3-3fd2-a606-dd13498024ea,Estella474 O'Hara248,F,GENERAL PRACTICE,85 E MAIN ST STE A,NORTON,MA,027662307,41.971697,-71.17689334021827,46,0
046784e1-a890-3f9b-be1b-21cbfc3149c1,57e4e5fa-d68d-3caa-a5ad-37beb1b51207,Abdul218 White193,M,GENERAL PRACTICE,800 WASHINGTON ST,NORWOOD,MA,020623487,42.1886973,-71.2005241,34,0
2ba7e9a6-858e-3429-a38c-2859e6445e1a,2befa435-3070-3350-a15c-e43ac1e84b24,Teressa589 Schuster709,F,GENERAL PRACTICE,575 BEECH STREET,HOLYOKE,MA,010406604,42.20105435,-72.628169560868,22,0
f725f16b-05c2-334b-a042-cf1eea9b751d,00ffb204-07b4-3c72-a678-fa252e6cf86c,Kathlene786 Satterfield305,F,GENERAL PRACTICE,450 BEDFORD ST,LEXINGTON,MA,02420,42.47370735,-71.25090005,29,0
0f1dc7dd-1ef0-3cd3-acee-8e7dd78f927e,b8421363-9807-3b16-a146-95336eea5cfb,Saundra460 Kuphal363,F,GENERAL PRACTICE,30 LOCUST ST,NORTHAMPTON,MA,010602052,42.33032115,-72.65330802608176,340,0
d4ea7040-b396-3d23-ac5e-0ad1f37faba6,37111f41-8bc5-35d3-9cd9-5b447a11ffd1,Ilene33 Greenholt190,F,GENERAL PRACTICE,TEN INGALLS COURT,METHUEN,MA,018443712,42.7262016,-71.1908924,3,0
92de6fbf-f214-3663-a86b-f187f2bb8507,7567027f-af4e-3cd6-b1bf-e764ca3a5866,Rusty501 Rodriguez71,M,GENERAL PRACTICE,215 BICENTENNIAL HWY,SPRINGFIELD,MA,011181962,42.095480800000004,-72.50509214731676,3,0
966d12c6-24a2-3251-a608-cf747baf7e2c,24460683-f514-37ef-98c1-724b2fc9aa2a,Simonne139 Wilderman619,F,GENERAL PRACTICE,60 HODGES AVE,TAUNTON,MA,027803034,41.91158935,-71.10129620180315,480,0
67c03d8c-aeb7-31b3-94dd-20d68d1b470a,3076e02a-deac-3e81-96a9-1d32cbda6fca,Randy380 Kilback373,F,GENERAL PRACTICE,59 EASTWOOD CIRCLE,GARDNER,MA,014403901,42.567006649999996,-71.97817904424542,9,0
534ea9e2-c473-3948-b190-bdf0cba9d114,752c7570-1637-36cf-8b74-03ea3acfa98c,Hiram237 Moen819,M,GENERAL PRACTICE,12 LITTLEVILLE RD,HUNTINGTON,MA,010509761,42.257603957277915,-72.87133712317558,42,0
2d9b868b-4031-3def-ab7b-1833eb13f465,fbd4ccdf-2fdb-3652-9bbe-1ccff886bd34,Jermaine675 Collins926,M,GENERAL PRACTICE,320 CENTRAL STREET  UNIT A2,SAUGUS,MA,019062372,42.4632069,-71.0093761,4,0
f62898af-c108-3093-9f63-e03691e1e591,901c2d40-1ca3-3879-9a20-c663b8adc0a9,Chanelle850 Schuster709,F,GENERAL PRACTICE,800 WASHINGTON STREET,STONEHAM,MA,021802445,42.4863168,-71.0928919,54,0
bd3a97bc-c9c3-3f77-b35e-23b536144f22,e6cc6043-299a-3581-8f6b-b3b5d62c46ae,Fritz267 Farrell962,M,GENERAL PRACTICE,532 SUMNER AVE,SPRINGFIELD,MA,011082458,42.08631583333334,-72.55792579166666,117,0
448a469b-814d-35d8-bec7-3e8b8d796a8b,70d5bbef-3c05-3318-b9d7-003dc8fbb8cf,Wilfredo622 Little434,M,GENERAL PRACTICE,33 SUMMER ST,TAUNTON,MA,027803479,41.9005416,-71.08895606814966,3,0
a083550b-000d-38ee-b28a-e8c891809331,22249c0a-8ce9-3726-a3bb-b037c773ce5c,Leah288 Sauer652,F,GENERAL PRACTICE,337 NEPONSET AVENUE,DORCHESTER,MA,021223103,42.2875144,-71.0470691675753,3,0
4b3599a1-c205-3871-881d-367b9de43bb6,7a75decf-7d3f-3b0d-8c2b-3abf0a8c7f58,Afton574 Kulas532,F,GENERAL PRACTICE,169 LIBERTY ST,MIDDLETON,MA,019491003,42.615226050000004,-71.0144865346162,118,0
dfb440ad-57c3-3c13-b3a2-35c980821a1d,38508743-50d1-3429-8fe2-37e42ddaf20e,Erick204 Mayer370,M,GENERAL PRACTICE,164 HIGH ST,GREENFIELD,MA,013012778,42.595268700000005,-72.59288632376354,167,0
0cc816e6-5dbe-3506-bb40-a6c36bf3ed80,e1818b21-4458-3b9c-b2b8-7ed6f57ae078,Tamisha203 Wilderman619,F,GENERAL PRACTICE,2399 BOSTON ROAD,WILBRAHAM,MA,010951185,42.14668485,-72.45048427046072,4,0
020ce9fe-42bd-3c22-9677-a47aea509962,f2068cee-c75c-321d-9b2c-c33535db89c9,Charles364 Prosacco716,F,GENERAL PRACTICE,32 BOSSI AVE,RANDOLPH,MA,023682002,42.20017865,-71.0582074,85,0
f591992b-66e1-3d3c-8a5f-4e7141c2d05a,15d4c950-4691-3996-b4c4-bf06bfb58ff7,Alvin56 Crona259,M,GENERAL PRACTICE,70 EAST ST,METHUEN,MA,018445883,42.7285558,-71.16833738237946,173,0
26a36353-f0fc-3124-b048-a34cb9aa93bf,0caa0116-ef9a-3d4c-bcff-9c405a9d2bda,Yasmin241 Emard19,F,GENERAL PRACTICE,105 CHESTNUT ST STE 35,PLYMOUTH,MA,023604054,41.884685,-70.847219,24,0
5263e45a-9a69-39da-a8f6-354805292466,5ba77f2c-8ce5-3dde-bb46-3ffcceb3bfbf,Cedric746 Quitzon246,M,GENERAL PRACTICE,188 FLORENCE ST,CHESTNUT HILL,MA,024672641,42.31835025,-71.17401686317635,1,0
78897c10-89ab-3ee0-8f0b-7dd3bafa6764,1cff30ba-b91f-3ea2-b80b-770d67856358,Annamae625 Halvorson124,F,GENERAL PRACTICE,359 JONES RD,FALMOUTH,MA,025403341,41.5591273,-70.60352436630029,10,0
64962715-22e6-3e82-922d-9f4593d03d07,6f95a7a4-3343-3d14-b8b5-35d1e3247551,Denis399 Bailey598,M,GENERAL PRACTICE,254 BILLERICA RD,CHELMSFORD,MA,018244114,42.5969934,-71.3233653623669,2,0
97c2b786-b463-34fd-948c-594268680155,39c15c0f-5c49-311e-99d2-1fb99d80e06e,Nancie476 Homenick806,F,GENERAL PRACTICE,398 NEPONSET AVE,DORCHESTER,MA,021223134,42.286764399999996,-71.04402811508834,39,0
61a9ce66-5ac2-334a-be7a-eccc8d708c9f,e39e92a8-2fde-314a-8fb1-8551218f03d9,Reinaldo138 Runolfsdottir785,M,GENERAL PRACTICE,60 EAST ST,METHUEN,MA,018444547,42.7265686,-71.16640139527428,39,0
816a675e-b693-3b86-a130-e6836205cf88,bccd7d67-203c-3d93-b6b0-bff5a146cd1d,Paulene52 Kihn564,F,GENERAL PRACTICE,286 WASHINGTON ST,STOUGHTON,MA,020721763,42.1384306,-71.1022598,40,0
8b7b3152-1b6c-3a3f-b676-61730807015e,263d1b03-1560-3fc3-b93d-c33a0cbd5837,Clemente531 Treutel973,M,GENERAL PRACTICE,10 RIVERSIDE DRIVE  STE 201,LAKEVILLE,MA,023471689,41.8771119,-70.92344635,42,0
a9711701-a758-3144-a6f5-ff474b3ff391,a2a41caf-758f-3962-8e5f-e6e603f93d17,Noelle559 Padberg411,F,GENERAL PRACTICE,111 HUNTOON MEMORIAL HWY,ROCHDALE,MA,015421305,42.2020225,-71.89891616754682,283,0
2fb5e17f-8cda-3335-be15-3182a7d3c6e0,db28cc9a-fdfb-35a6-aef7-ab9b933ef244,Judy192 Gleason633,F,GENERAL PRACTICE,8 DANA STREET,CAMBRIDGE,MA,021385402,42.3694992,-71.11011030010101,17,0
f81446b1-71ef-3139-a3f5-7b3c9eac87c6,a6fb79e7-4abb-3a68-b62d-e501427fdca4,Ricky354 Renner328,M,GENERAL PRACTICE,489 WASHINGTON ST STE 202,AUBURN,MA,015015709,42.187836,-71.83104,102,0
5ca080e5-abc0-3192-8a6a-cd50fa019b26,4e3c60e6-dbed-32c3-9b03-767d7fbc82b0,Venita81 Lind531,F,GENERAL PRACTICE,222 RIVER RD,LEEDS,MA,010539783,42.364084399999996,-72.70745188531934,3,0
35d145f3-93f1-3e8e-8262-71b77e79bf17,c7542447-e06e-32cb-b6db-243c23a0dbc2,Chantell995 Krajcik437,F,GENERAL PRACTICE,30 WARREN ST,BOSTON,MA,021353602,42.3501483,-71.14393324457691,115,0
ebd56aa9-ef04-3f38-a945-88d0e84525cd,d9fe2c9c-135e-3da3-8de8-1a0ff165d886,Eldridge510 Marquardt819,M,GENERAL PRACTICE,1430 MAIN ST,WORCESTER,MA,016091121,42.2492003,-71.92931780325071,26,0
4acab8a0-6785-3b83-844e-bc457bbca71b,8bf5325a-c11b-35c4-b07d-17a5aeba8353,Dorotea472 Escamilla823,F,GENERAL PRACTICE,815 WORCESTER STREET,SPRINGFIELD,MA,011511001,42.1018764,-72.5886727,2,0
ae996b64-d402-39c0-ac32-7b38d4c47e50,a4b91172-69e7-3895-bd89-b9a0868de5c2,Shanita956 Wolff180,F,GENERAL PRACTICE,651 ORCHARD ST,NEW BEDFORD,MA,027441052,41.6149879,-70.93113851963673,27,0
bfd6a5c7-62d6-32f0-b578-b11e3298e9c1,72f50aa0-d8c9-34dc-ac58-c428323f3bcd,Danuta945 Little434,F,GENERAL PRACTICE,55 FRUIT ST,BOSTON,MA,021142696,42.36286045,-71.06875296664998,8,0
62144b0d-4aa3-3592-abb4-c9e1b56a21ed,eee00932-ca82-36bc-b7e8-e3fff6dbaeaa,Leif534 Hane680,M,GENERAL PRACTICE,450 BROOKLINE AVE,WEYMOUTH,MA,021893141,42.2212188,-70.9391625,345,0
1897c1f3-5e5e-3b02-97cf-70c116245a6f,be509ccb-bfb7-3b87-8945-8426b689ef9d,Man114 Balistreri607,M,GENERAL PRACTICE,2049 DORCHESTER AVENUE,BOSTON,MA,021244742,42.3554334,-71.060511,1,0
01aeeccb-434c-3db0-84f8-2a7de2369e7a,9fbf3c5e-5f22-3b9f-9032-39d6de320874,Delois358 Langosh790,F,GENERAL PRACTICE,150 FLANDERS RD,WESTBOROUGH,MA,015811017,42.2770724,-71.5679154706427,3,0
22751f7b-1e5a-344c-9bba-3ad58da4678a,f8918a95-31e8-3ac4-8d12-29ca6080ebda,Domitila545 Vandervort697,F,GENERAL PRACTICE,199 REEDSDALE RD,MILTON,MA,021863926,42.251368299999996,-71.0768393856917,29,0
6c73cb9c-49bf-3e40-bce2-c9a93366ce28,bce5b907-584b-345d-bbcf-912cf56cb6c3,Katia630 Parisian75,F,GENERAL PRACTICE,11-15 SANDERSDALE ROAD,WORCESTER,MA,016032467,42.0667952,-72.0084995,130,0
e8dc3392-3892-357f-9bdd-aff41737b9e0,9cec3b3c-fe3f-344e-b9c3-e414dafcd19f,Parthenia862 Dickens475,F,GENERAL PRACTICE,120 MAIN ST,MALDEN,MA,021486904,42.41918695,-71.06618960434116,1,0
71bf979f-e8d1-3135-9a1c-aee6c45d7568,8d5880eb-1dd8-31ea-b7c5-21709f3bb341,Jared66 Satterfield305,M,GENERAL PRACTICE,50 ROWE ST,MELROSE,MA,021763201,42.4592093,-71.06078096379728,8,0
42b8a302-b222-32fc-b109-39a28ba6ba49,d9993b29-4319-336c-85ad-8cfa877f648e,Verónica383 Reséndez908,F,GENERAL PRACTICE,420 LAKESIDE AVE STE 203,MARLBOROUGH,MA,017524571,42.3407997,-71.58008874978053,1,0
36b6f638-cf7f-39d2-8d84-ae8ce0dbe983,3ff0f58b-7a1f-3334-9449-ff15f68b7d86,Crystle668 McCullough561,F,GENERAL PRACTICE,275 SANDWICH ST,PLYMOUTH,MA,023607761,41.94186605,-70.6455366462985,13,0
ee7b195a-c2e4-3345-beef-fecfc94e4570,70e3ad4f-b9ff-3f3e-9990-2cd7e23a9d1c,Eloisa55 Ochoa950,F,GENERAL PRACTICE,1238 RIVERDALE ST,WEST SPRINGFIELD,MA,010894675,42.1373438,-72.62624707492338,3,0
75f58749-1257-3506-8b15-c48c6d2514e4,dbe1e521-57da-3855-9aa0-aabadbd17e32,Joline447 Stark857,F,GENERAL PRACTICE,454 WASHINGTON ST,NORWELL,MA,020612050,42.1592792,-70.85480698781902,2,0
a77154ae-56fd-383e-b332-b355a7660210,171254da-957c-304a-b3fc-51a2d3ebee43,Brittney657 Schmitt836,F,GENERAL PRACTICE,108 Merrimack St.,Haverhill,MA,01830,42.77449,-71.07901,88,0
9c177145-3125-3fd7-9825-05ba45622be6,9cfdd210-a2ed-34d6-9381-2f5d999011ca,Warren653 Beier427,M,GENERAL PRACTICE,21 HIGHLAND AVE,NEWBURYPORT,MA,019503873,42.814341671166744,-70.88998002772408,88,0
889e1328-7e4f-3d3b-b4db-de4e1a5b8f48,7e8bd0f2-2746-355e-92ef-9473818c58a2,Suanne858 Okuneva707,F,GENERAL PRACTICE,90 SUTTON STREET  SUITE 3-4,NORTH ANDOVER,MA,018451655,42.705281049999996,-71.13643624887442,11,0
d6665e62-58f1-3fe2-a4bf-093f3b761966,dd280187-8662-3732-af81-595d10572911,Claudia969 Chávez927,F,GENERAL PRACTICE,4499 ACUSHNET AVE,NEW BEDFORD,MA,027454707,41.74026055,-70.9450945705336,39,0
914db241-8b64-3793-b595-ba96db2bf5f3,a7b047dd-186a-32de-8187-b0853c05aed6,Melida518 Mayert710,F,GENERAL PRACTICE,180 LOW STREET,NEWBURYPORT,MA,019503519,42.815683050000004,-70.89666045994463,12,0
b966fa63-8756-3b62-aa46-0d8847a1de00,dac75bc1-cbfa-306b-9a0a-88d5edf3638d,Henry768 Ebert178,M,GENERAL PRACTICE,170 COREY ROAD,BRIGHTON,MA,021358244,42.3433093,-71.14003855124017,50,0
b254ed4c-9344-383f-9efe-43ea2b4a91bc,87472bc2-7c23-37cc-8355-7f3e88614b6b,Leilani136 Kris249,F,GENERAL PRACTICE,305 MAPLE STREET,EAST LONGMEADOW,MA,010282765,42.059258494749486,-72.53388585052694,26,0
86361dc4-0254-3261-b6f8-85ae03545ced,a2cc09de-c1e2-3126-8c09-d49f95225281,Darnell564 Leannon79,M,GENERAL PRACTICE,300 LONGWOOD AVE,WALTHAM,MA,024532741,42.3756401,-71.2358004,30,0
b442ead9-b692-3691-b3e9-82d171554583,9f2f60a6-87a4-3f45-b753-b63b5b7e9993,Maricruz991 Considine820,F,GENERAL PRACTICE,332 HANOVER STREET,BOSTON,MA,021131901,42.3647421,-71.0536619,32,0
5d2bdcd8-fc22-3526-9f5c-2fac4d6d15a1,44cb1162-a345-3477-8723-c202a3c8cdcd,Jamey282 Graham902,M,GENERAL PRACTICE,73 W MAIN ST,HOPKINTON,MA,017481619,42.21799145,-71.54005509979045,48,0
15069fee-67d4-3729-b59e-f3643d4378b1,c5306a86-09a1-32d9-875a-67ef56e131c0,Maragret485 Gutkowski940,F,GENERAL PRACTICE,242 SUTTON ST,NORTH ANDOVER,MA,018451631,42.70773345,-71.1300651,31,0
6aebf4ec-653e-39e9-a8ef-b85fb56c0fd6,ab16be57-62ea-39a5-8f7a-ee1285cf6934,Rogelio17 Gibson10,M,GENERAL PRACTICE,115 MILL ST,PETERSHAM,MA,013669503,42.4865962,-72.1893057,15,0
4f380b13-a8f4-3644-ba23-e2e7b8e67752,f341c366-8313-3790-ab26-d8d27b116ff5,Odell776 Greenholt190,F,GENERAL PRACTICE,80 LINCOLN STREET,WALTHAM,MA,024535465,42.39322121170625,-71.24104146434591,63,0
0bae4e8d-6ee2-35a0-be0c-a15673ad5086,0519b293-2e92-3eb3-aeef-233da0babc93,Juan88 Friesen796,M,GENERAL PRACTICE,40 PARKHURST ROAD,CHELMSFORD,MA,018241511,42.6198215,-71.36189212971482,12,0
1587219e-6934-3c8e-8ccb-22e8e843f996,4ffc4e4b-9d8d-3c30-ad84-fc9a7209da94,Troy560 Carter549,M,GENERAL PRACTICE,4525 ACUSHNET AVENUE,NEW BEDFORD,MA,027454727,41.74080975,-70.94731021257817,5,0
d691aa7d-3262-3fd3-9628-76d2a197b587,ce4d0501-49eb-396a-bc56-545fdfc624b0,Bea654 Daniel959,F,GENERAL PRACTICE,1 HOSPITAL RD,OAK BLUFFS,MA,025571406,41.46063105,-70.57989080295974,3,0
96896295-886b-31a7-9397-1d1e0b5a6020,9e469108-97a0-350a-b6ba-be2a286b3dcc,David908 Mueller846,M,GENERAL PRACTICE,150 FLANDERS RD,WESTBOROUGH,MA,015811017,42.2770724,-71.5679154706427,2,0
b4d9225b-b212-30b1-8edb-81f295246b64,afc661fd-71d9-3fc3-adf2-3fc3b5e8a140,Leontine92 Schmeler639,F,GENERAL PRACTICE,680 CENTRE ST,RAYNHAM,MA,02767,41.9487118,-71.0731008,292,0
dd22b3d7-cf5d-36a7-8dbd-9a2fed6bcebc,06cc2462-430f-3322-9c87-7e971125f510,Bryon392 Mann644,M,GENERAL PRACTICE,133 OLD ROAD TO 9 ACRE COR,WESTFORD,MA,018863198,42.5792583,-71.4378411,35,0
3ba4317c-c633-3e2b-ac63-1d9a35d7bcd7,479427f6-9419-3eba-b2c2-b037b4b89493,Karlene380 O'Keefe54,F,GENERAL PRACTICE,180 GEORGE WASHINGTON BLVD,HULL,MA,020453069,42.2630377,-70.8606109,83,0
6d9d376b-fec5-3da7-a4f9-b7fdc472f6c1,ee7fab6f-6438-394f-b1f2-3e452f8f055a,Felipe97 Calderón210,M,GENERAL PRACTICE,75 BRIMBAL AVENUE,BEVERLY,MA,019156009,42.570099299999995,-70.87108224250409,3,0
4d2d5bcd-2107-31fe-91e7-a20b68178472,907b1d2f-2bf8-31b5-abc2-14d6b75faa96,Ellis535 Ernser583,M,GENERAL PRACTICE,340 MAPLE ST,MARLBOROUGH,MA,017523200,42.3358161,-71.54106510218209,84,0
14302b21-c693-349c-a7b4-d1ea577422cb,1ce0d1a3-b507-3ad1-afc5-b25bfe48b8dc,Dovie983 Welch179,F,GENERAL PRACTICE,10 PEARL STREET,STOUGHTON,MA,020722364,42.125716800000006,-71.1025481568314,1,0
4ad1552d-fcab-363a-8cb4-eabbd02de759,880fad59-9c38-3a21-a39f-ccc801502ab3,Maurice742 Pollich983,M,GENERAL PRACTICE,799 CONCORD AVENUE,CAMBRIDGE,MA,021381048,42.390849395521705,-71.1556550001627,2,0
fcfabceb-3370-36cd-a231-de96e7b4dfd1,352f2e3b-0708-3eb4-9f7e-e73a685bf379,Gregg522 Willms744,M,GENERAL PRACTICE,157 UNION ST,SOUTHBOROUGH,MA,017721215,42.3056501,-71.5245087,82,0
b334d05b-8c10-3615-ae3a-942ca076dc3e,2164ee72-e9d8-312a-8bf4-a4abc55771b7,Shaniqua618 Ritchie586,F,GENERAL PRACTICE,84 CHAPIN ST,SOUTHBRIDGE,MA,015502408,42.073771750000006,-72.03709326666669,1,0
44b7e0b4-2788-3682-8022-9328041a9c46,a2d45ee8-b930-3169-b612-f602961ad212,Florance664 Leannon79,F,GENERAL PRACTICE,37 MINUTEMAN WAY,SHREWSBURY,MA,015452229,42.288207,-71.73443816915585,96,0
bd7d882e-640a-3a73-9e90-f7eabce9f5d7,8213f591-b5fe-3cf5-a9c4-36729d16b75e,Orville751 Hessel84,M,GENERAL PRACTICE,120 LONGWATER DR STE 200,NORWELL,MA,020611653,42.15682485,-70.8792143504961,25,0
3938cabd-a108-355f-9d3a-647c95f52ad2,4887dc20-9ef6-3cc2-9c56-858388049a50,Kimberlie352 Kertzmann286,F,GENERAL PRACTICE,168 WEST CENTRAL STREET,NATICK,MA,017604122,42.282113100000004,-71.37898579435048,57,0
3122234c-ecfd-3e22-9023-32e882388d64,4fa643ae-1f58-3c2e-9f33-0ba56345ad10,Trevor374 Williamson769,M,GENERAL PRACTICE,361 MAIN ST,WAREHAM,MA,025712153,41.761384899999996,-70.71911431737183,115,0
bd493d7b-906a-30c6-b98a-16dc1c243b4a,d0894f6b-78d7-338d-82ad-b63de4d40014,Lynsey2 Lemke654,F,GENERAL PRACTICE,330 MOUNT AUBURN STREET,WALTHAM,MA,02452,42.3756401,-71.2358004,85,0
1bf22b63-c998-346e-9d24-0aeb68bd30fd,2513c728-9d3e-376d-aedd-0f00fde719b2,Dannie881 Smith67,F,GENERAL PRACTICE,55 WEST ST,WALPOLE,MA,020811837,42.1442924,-71.2579691,10,0
453ea742-2e57-3679-8b64-bba53f286854,3d5fbf38-c781-3e04-8c7e-5a402611b7d4,Vito638 Barton704,M,GENERAL PRACTICE,260 ELM ST,SOMERVILLE,MA,021442951,42.3955992,-71.1227391,112,0
04f08e3a-cc02-33a4-a1da-286329aba135,d6b03647-983f-3162-af9e-b12aea026f13,Son314 MacGyver246,M,GENERAL PRACTICE,65 NEWBURYPORT TPKE,NEWBURY,MA,019501199,42.7891081,-70.87774011339009,42,0
e74ae133-cb46-35be-bb1e-1007b4bb0480,fd5342f0-10c0-3f48-9c7e-7100a64db139,Robby860 Abshire638,M,GENERAL PRACTICE,30 PRINCETON BOULEVARD,LOWELL,MA,018512405,42.6353691,-71.3322833,1,0
de8333e0-9388-3d6b-8dd9-51932140b649,7ac466c6-7968-33fd-882c-6d5418f88c8a,Alvin56 Hayes766,M,GENERAL PRACTICE,2 MEETING HOUSE RD,CHELMSFORD,MA,018242700,42.60140085,-71.35097894451894,126,0
0f409abb-38cf-309f-8efc-465b5159dd8d,2f67494e-f17e-3248-ba68-3ca42913cca1,Majorie11 Bergstrom287,F,GENERAL PRACTICE,184 MAIN STREET,FAIRHAVEN,MA,027193259,41.646106,-70.90865208079187,8,0
f4602dc1-dc52-32ae-9865-106678985599,52efa2e5-007f-3396-a83a-28ca015f0595,Ranee391 Turner526,F,GENERAL PRACTICE,20 N PARK AVE STE 2200A,PLYMOUTH,MA,023604090,41.960434631488596,-70.67007876763536,5,0
1979e671-3573-3c7e-a495-c63dd2128e87,fd938c9f-a355-3ec7-96f8-516240ea1ba2,Conchita9 Serrano248,F,GENERAL PRACTICE,529 MAIN ST STE 126,PLYMOUTH,MA,023604842,41.7664657,-70.7266525,1,0
3e5ce541-ba03-39c2-b884-461b877a502b,94ac48ba-e215-3ab9-ba88-a0b926d29cef,Nerissa37 Hahn503,F,GENERAL PRACTICE,300 WINTHROP STREET,MEDFORD,MA,021552311,42.421527,-71.11834,8,0
a68cb1d2-a9b2-3493-ab40-fd05346bf1c6,0334ad53-5d57-384e-a411-63b075139c06,Stephen891 Stamm704,F,GENERAL PRACTICE,66 CENTRAL STREET,EAST BRIDGEWATER,MA,023331913,42.03160525,-70.9572577506426,5,0
d766930d-bde2-30d9-a0ef-8299c23056d3,4ba48ef6-19f2-3177-bfaf-096daaebf26a,Katerine813 Wunsch504,F,GENERAL PRACTICE,275 TURNPIKE ST,BRAINTREE,MA,021845328,42.2064195,-71.005067,54,0
bd15ba3d-eb10-32dc-977a-60ec9e2ca55d,e5ce3b83-f5e6-308d-aa64-82539fc2d906,Alejandra902 Batista148,F,GENERAL PRACTICE,1842 BEACON ST,BROOKLINE,MA,024451922,42.33728028715071,-71.14536064081996,1,0
4762b847-8239-3854-99aa-38d8e1aa0096,8395b012-c9c6-3b96-a7f9-edd24c9a3006,Quyen270 Crona259,F,GENERAL PRACTICE,123 SOUTH STREET,PLYMOUTH,MA,023602945,41.9432166,-70.6595797,1,0
9221424a-f360-37c8-b547-1580a109c640,dfcd78f1-f67e-321d-84e3-f658c482c474,Sacha430 Wisoky380,F,GENERAL PRACTICE,64 WOODLANDS WAY,BREWSTER,MA,026312550,41.737807,-70.0036669,53,0
79a05d19-13c3-3fb0-885c-d373345715ef,0a8a4b11-d0b8-3cd2-92cd-983de5189cfa,Del587 Nicolas769,M,GENERAL PRACTICE,111 BIRCH STREET,LYNN,MA,019021574,42.47859105,-70.93458444045801,7,0
b8ae6cb3-dbc2-3105-8780-eeb39b0ab78f,7b7ce654-a413-37d1-9d34-97240c0ac580,Landon622 Kihn564,M,GENERAL PRACTICE,1 WRENTHAM ST,BELLINGHAM,MA,020192532,42.025037350000005,-71.48945118224057,2,0
cae8ef71-1e57-37d7-822f-bb03d18686a8,5fea83d4-0140-3084-963e-68b07f1cb2c2,Barney639 Cartwright189,M,GENERAL PRACTICE,264 N MAIN ST STE 15,EAST LONGMEADOW,MA,010281841,42.07418905,-72.52092210152173,5,0
ad7a4a63-bccb-3bd6-b960-1ec24c6640db,f1c6e386-ed52-3f97-a2b0-4e21ad2d0966,Luz785 Orozco750,F,GENERAL PRACTICE,54 COURT ST,TAUNTON,MA,027803201,41.9028629,-71.09718927122583,37,0
a8afd778-134b-3359-82f0-375f9a8c61cb,7b20d1c4-c56b-3647-801c-5e4e13679073,Riley817 Prohaska837,M,GENERAL PRACTICE,275 SANDWICH ST,PLYMOUTH,MA,023602183,41.94186605,-70.6455366462985,4,0
d5bc69ed-ffa2-3b2e-ae67-e9dc631a071b,3e97ce4f-3ad7-3cea-883f-e2bb4ca89d83,Dan465 Swift555,F,GENERAL PRACTICE,30 NEW CROSSING RD,READING,MA,018673270,42.51809619399502,-71.0959083715027,4,0
4076524c-ed1a-32c7-b308-b699a57e9fb3,46daa26f-fda5-38a9-9c45-fda430d28fa6,Caryl47 Bernier607,F,GENERAL PRACTICE,25 RAILROAD SQUARE  SUITE 501,HAVERHILL,MA,018325721,42.7736752,-71.08561759491305,9,0
dd82efe5-cc5b-3f03-992f-39536fdc0629,36d328a2-68bb-3967-a9bf-00897a7c945f,Lynn917 Rodriguez71,M,GENERAL PRACTICE,299 WAREHAM STREET,MIDDLEBORO,MA,023462905,41.869676,-70.873384,2,0
5c5456b3-7592-372c-a354-406bc2c3c36e,5225cc87-6a30-303c-a882-5f001cee7f0e,Miguel815 Zamudio115,M,GENERAL PRACTICE,110 W SQUANTUM ST,QUINCY,MA,021712122,42.27259075,-71.03082765,14,0
dc5b21a3-cc91-390d-9f77-4945322fc472,6d6ef57e-b2ce-3a69-bacf-4305c51834b0,Leonor133 Munguía264,F,GENERAL PRACTICE,186 HIGHLAND AVE,SOMERVILLE,MA,021431507,42.38845955,-71.10666839512322,1,0
d3db9ff8-7ac3-3521-9037-ef7098c16953,a9f0c80c-2cc2-31ea-9ead-d13d373a6fe4,Carman694 Hartmann983,F,GENERAL PRACTICE,140 PRESCOTT ST,NORTH ANDOVER,MA,018451826,42.7052468,-71.11780689673651,1,0
95237998-18c5-3037-891f-66c2b68752c5,79d49935-bcc0-36ca-920b-45365c367438,Sherita708 Hudson301,F,GENERAL PRACTICE,409 W BROADWAY,SOUTH BOSTON,MA,021272245,42.336831,-71.047958,39,0
72360894-d714-3e50-9e95-8709dce90ffe,0f2c58ec-5323-3c0f-9bdf-af0df7eb2a2b,Owen89 Boehm581,M,GENERAL PRACTICE,130 DORCHESTER STREET,SOUTH BOSTON,MA,021272642,42.3334312,-71.0494949,7,0
21e20deb-7f3d-3867-9b22-6f208de1d6d5,680532c8-2661-3b39-875a-b6ec0746ccf5,Buford910 Dach178,M,GENERAL PRACTICE,30 ATHOL ST,ALLSTON,MA,021341124,42.36075595,-71.13397379082869,14,0
d9d1b80f-5aaa-310e-8ea1-f5b17c1fe0ba,c6b019eb-28ec-36f6-abf3-bcc4d1d58966,Sherwood961 Aufderhar910,M,GENERAL PRACTICE,33 AVON ST,WAKEFIELD,MA,018802310,42.50403445,-71.07462951514611,37,0
ac1287f4-4c90-3467-84d9-13d75cbeafd5,06376cbe-4880-384b-b459-7ce3eef36ced,Cody889 Ratke343,F,GENERAL PRACTICE,387 QUARRY ST,FALL RIVER,MA,027231026,41.6932713,-71.1402431739568,44,0
2653d088-0c66-3c9c-a776-94b0dfe7dd9b,b3312a2d-37e9-35a8-b50d-6c165c437baa,Lorretta561 Reinger292,F,GENERAL PRACTICE,45 DIMOCK ST,ROXBURY,MA,021191029,42.32030665,-71.09721114916246,15,0
d59105e4-4c05-3d3d-b114-85801b911a79,2836d9ac-c6a6-39d1-8f13-fdf0fc8928f4,Alysha630 Koch169,F,GENERAL PRACTICE,365 EAST ST,TEWKSBURY,MA,018761950,42.6069472,-71.2180803,49,0
3a968d26-69da-3e6f-afa8-e3feeed7804a,82c72223-f521-3a34-9b9b-4ff366365399,Margaret865 Reinger292,F,GENERAL PRACTICE,2100 DORCHESTER AVENUE,QUINCY,MA,021691870,42.2509914,-71.0037374,7,0
090f3b82-97a1-358a-9e43-451dbccfd583,7b4c5725-41a1-38e2-8d17-180e0c029fef,Cortez851 Larkin917,M,GENERAL PRACTICE,116 COURT ST,PLYMOUTH,MA,023603808,41.96037605,-70.67160846967218,19,0
87e3a4d3-518c-3154-9dd8-1b7de9c320e5,04b252db-4231-3cb5-963d-6f096fb4b97c,Horace32 Grady603,M,GENERAL PRACTICE,1177 PROVIDENCE HIGHWAY,NORWOOD,MA,020625019,42.194543,-71.1994976,3,0
a5bab1cc-ead3-3a98-b936-d325f7eb9d85,e2eab39c-5195-34aa-b35f-e89e37cfed01,January966 Roberts511,F,GENERAL PRACTICE,55 FOGG ROAD,WEYMOUTH,MA,021893141,42.175539799999996,-70.9539153674405,791,0
ecf712d9-30f8-3a5b-8d08-cb7a8c7f5946,4fa8411f-42f8-3353-8947-bf15254c9dee,Lane844 Gutmann970,F,GENERAL PRACTICE,90 GREENWOOD STREET,WAKEFIELD,MA,018804039,42.476321150000004,-71.06922169005762,1,0
eca0510c-b422-345c-aba4-1a66f393c1f6,a977feef-f585-3fa8-8deb-7e60fc2cab30,Keneth579 Schulist381,M,GENERAL PRACTICE,2314 MAIN STREET,TEWKSBURY,MA,018763128,42.58023655,-71.19367180835906,8,0
4baff1a3-c18d-34c7-abec-734e8635ed95,1de7e7d9-9a7a-3a3f-bf4c-b4de450711f2,Clelia416 Morissette863,F,GENERAL PRACTICE,198 LITTLETON RD,WESTFORD,MA,018863429,42.564282,-71.42620615382347,1,0
e5f443db-4949-3811-9db0-88582c293d2f,497f39dd-280e-3d58-af5b-c5e3a3a09b10,Randy380 Bergstrom287,F,GENERAL PRACTICE,27 PARK ST,HYANNIS,MA,026015230,41.65363635,-70.27352219234834,146,0
32a6a10d-9280-3606-819d-6cd9d01709f6,f2a6c4f7-f5b2-361a-95c4-3d635b352a46,Dusty207 Lynch190,F,GENERAL PRACTICE,546 SOUTH STREET EAST,RAYNHAM,MA,027671079,41.8984957,-71.03751432894776,3,0
8a823814-1454-3ae7-b9b4-e3f3757e5ed7,eaaf102d-0188-3a69-a751-030645e2a7b0,Cathey606 Kiehn525,F,GENERAL PRACTICE,605 MAIN STREET,WAREHAM,MA,025711031,41.76766153042966,-70.73096212925822,71,0
03e749fa-91e2-308d-a1c0-dd7927f5f3cf,0d7fd824-1c7b-3f8b-a662-f6c2005e82e1,Arminda86 Trantow673,F,GENERAL PRACTICE,88 MASONIC HOME ROAD,CHARLTON,MA,015071394,42.1389039,-71.9782681,11,0
ed41d259-dae7-31ca-8218-a1406097c2af,a525d084-5a8f-3859-a048-2130a4092ec8,Samuel331 Runte676,M,GENERAL PRACTICE,2 MOUNT ROYAL AVENUE  SUITE 350,MARLBOROUGH,MA,017521976,42.34042135,-71.57841367654626,5,0
7eeb7f27-d618-35cb-8d50-1533bc1b2b5a,6618f4ef-656a-347f-b61e-ed4d6c21763a,Reagan466 Greenholt190,F,GENERAL PRACTICE,231 SUTTON ST STE 1A,NORTH ANDOVER,MA,018451620,42.70554405,-71.12856345,32,0
a398f5b4-e528-371b-9d42-c9a811ce7007,83445caa-116b-3a1e-a75e-8104d321c4c3,Peter292 Crona259,M,GENERAL PRACTICE,315 MAIN ST STE 101,NORTH READING,MA,018641326,42.596733799999996,-71.11988300141903,53,0
b0871eff-5d7d-3f9e-96fa-9dd959867f40,390a2aa4-70b4-3a64-a12f-9bd777834c8d,Hunter736 Howe413,M,GENERAL PRACTICE,710 MAIN STREET,HARWICH PORT,MA,026461931,41.669654699920855,-70.06169919459835,2,0
3b25e7fb-65c7-3ffc-82f8-3a2a471c1678,18a96051-91f4-3cba-af96-056ea14dfee0,Gaston250 Grimes165,M,GENERAL PRACTICE,25 HIGHLAND AVENUE,NEWBURYPORT,MA,019503872,42.81369325,-70.89091645747592,150,0
b40fe3f0-dc02-3902-a972-74c5e8cab327,b5d7a9c3-9232-3f0e-a707-9aba443ca12f,Chantal971 King743,F,GENERAL PRACTICE,39 LAFAYETTE ST,MARBLEHEAD,MA,019451939,42.49376315,-70.87528080424494,4,0
763dc745-164a-356d-a6ba-698eb355e55f,1bed5229-19d7-3168-94a2-f1f2abb00270,Nilsa143 Moore224,F,GENERAL PRACTICE,88 WASHINGTON ST,TAUNTON,MA,027802465,41.9062805,-71.09518121351795,31,0
2513e6e7-1b0c-3a9b-81b6-251681717ec5,41e2a44c-477c-3511-96f9-12c476aa3b6a,Latoyia537 Lindgren255,F,GENERAL PRACTICE,85 E NEWTON ST,BOSTON,MA,021183553,42.336277100000004,-71.07085295687423,22,0
1bfd9dfb-c5f1-3fba-affe-a3bb0513f130,4956f573-3dc2-3a67-9692-2f57451744e6,Gerry91 Davis923,M,GENERAL PRACTICE,400 BOLTON STREET,MARLBOROUGH,MA,017523912,42.35966285,-71.55290125539051,5,0
1a5f5866-11fd-3b4d-bbe2-4d3ac4df9371,b44955d1-f0e2-3beb-a013-708a81dbe430,Idella49 Runte676,F,GENERAL PRACTICE,680 CENTRE ST,WEST BRIDGEWATER,MA,023791600,42.0219112,-71.019004,57,0
379956b3-879c-3a76-b33b-727916e4f10c,ad2dab07-4f85-3950-baaa-7c7cd2aa770c,Federico589 Kuhic920,M,GENERAL PRACTICE,55 LAKE AVENUE NORTH,WORCESTER,MA,016550002,42.2774799,-71.76166994969458,2,0
703b98f5-1e3c-39ba-a3d1-cb2d2051802f,0d9b0d22-585e-3fd8-ab02-26b5be7915d1,Jean712 Koelpin146,F,GENERAL PRACTICE,516 CAREW ST,SPRINGFIELD,MA,011042330,42.12133575,-72.59217953646302,4,0
ae6c84ac-69fe-303d-a604-76175ec3e2e3,1853aeef-5897-326a-80d6-aa4b0459eb6d,Kendra609 Kassulke119,F,GENERAL PRACTICE,381 WICKENDEN ST,ATTLEBORO,MA,027032247,41.9438129,-71.2806515,73,0
e753503f-51f3-37b9-9756-0f81dcfe6d0d,93552c27-f173-385f-8849-ee56c25f638b,Song837 Cummerata161,F,GENERAL PRACTICE,359 HIGH ST,GREENFIELD,MA,013012617,42.6033006,-72.58135309677492,1,0
082a824f-fc0f-34da-86fb-036a0eef21f5,01bb7b5c-f850-3c4e-a3f1-442d8273559a,Charley358 Effertz744,M,GENERAL PRACTICE,395 PLEASANT ST,NORTHAMPTON,MA,010603914,42.3150543,-72.62555561349089,40,0
c5a805d0-00f9-39fc-9f5b-4e6196aead17,22fa6d28-92b6-3446-a388-f5aba50debaf,Clarence5 Robel940,F,GENERAL PRACTICE,123 CAPTAIN'S ROW,CHELSEA,MA,021504019,42.3917638,-71.0328284,13,0
d10a1567-597d-34b2-b03e-73424a6c8df7,2ca615f3-87f7-3283-a447-d919a883b676,Elizbeth263 Dickinson688,F,GENERAL PRACTICE,1399 WASHINGTON ST,HANOVER,MA,023391653,42.1441354,-70.8440854,294,0
228876bd-2610-3250-b75a-2c08b6e12db6,ce81052f-7c77-3cd7-8c30-930339a79ceb,Delorse592 Cummings51,F,GENERAL PRACTICE,363 ALBANY ST,BOSTON,MA,021182503,42.342456,-71.062887,28,0
73bafe33-5ccc-3b84-8a48-ea3bed2b037d,65bd3883-56ee-3eea-8e86-b7e677a30727,Dan465 Block661,M,GENERAL PRACTICE,150 FLANDERS RD,WESTBOROUGH,MA,015811017,42.2770724,-71.5679154706427,1,0
75d3e825-6347-30c4-8411-87d0668f2f6f,cac6f8b3-eafd-31b3-9fa3-8015752ccc2c,Celine582 Pagac496,F,GENERAL PRACTICE,123 SUMMER ST,WORCESTER,MA,016081216,42.26496835,-71.79655403681465,14,0
ca4a264d-35fb-33fb-b509-3ced77aac004,3f12ebb4-e03c-3453-88d2-4fc9682383df,Erwin847 Stiedemann542,M,GENERAL PRACTICE,726 COUNTY ST,NORTH DARTMOUTH,MA,027473603,41.6389926,-70.9703171,52,0
2c4543ef-0dca-3df5-a14d-565ba682c5d9,a9fc7aa5-d3b3-314d-9cf7-af29051d3dd9,Rudolf736 Hermiston71,M,GENERAL PRACTICE,1193 SEA STREET,TAUNTON,MA,027803960,41.8946107,-71.11113,5,0
9325ac50-e231-3685-a233-d093db289314,8ec2ca51-abb4-35dd-b90f-6c6aad6d2124,Oda116 Conn188,F,GENERAL PRACTICE,22 JOHNSON STREET,PEABODY,MA,019602311,42.54644385,-70.99288129112277,7,0
ce1391d5-851e-30d8-893b-adad67eda4d8,8af3b144-0e1a-3c90-937d-81a4ed026080,Guillermo498 Fay398,M,GENERAL PRACTICE,800 WASHINGTON STREET,NORWOOD,MA,020623489,42.1886973,-71.2005241,93,0
d48b78e0-96b3-36cb-90fd-2a0e4edfe011,b014aec7-7bd8-351f-8808-3e280cbc5be6,Rosaria177 Volkman526,F,GENERAL PRACTICE,70 EAST ST,HAVERHILL,MA,018306700,42.7777829,-71.0767724,107,0
d4590425-cb94-32dc-a2b0-495c33970dc7,b3b56527-d366-3353-bca9-266a12f23051,Obdulia648 Schroeder447,F,GENERAL PRACTICE,60 QUAKER HIGHWAY,UXBRIDGE,MA,015691628,42.06100105,-71.62352848737622,10,0
2a30783b-2373-3316-b2a8-f71c2a73852c,c5742266-625d-3824-9ed3-4b5c6bc3e296,Rod343 Goyette777,M,GENERAL PRACTICE,22 BRAMHALL ST,SCITUATE,MA,020664312,42.1939754,-70.7697128,18,0
9dffc166-1a63-3b09-8577-0997a3a5bdfc,36c8b677-a6ce-3266-b71e-ed86d778d0fa,Rebekah348 Rippin620,F,GENERAL PRACTICE,300 FRIBERG PKWY,WESTBOROUGH,MA,015813900,42.28350315,-71.58027718702151,67,0
01bdf9b7-37b4-3323-a274-5b6634b93ffb,51e96f40-2058-378a-b3bd-d83c50d5cbcb,Palmer257 Jones311,M,GENERAL PRACTICE,200 NICKERSON RD STE 110,PLYMOUTH,MA,023602480,41.75001,-70.632075,31,0
298ecf4f-27ee-3661-abdd-5c43613b9ca0,aad05540-c9cb-3805-b3c4-f9b9d9b42b2e,Quentin28 Fritsch593,M,GENERAL PRACTICE,821 E MAIN ST STE 3,CHICOPEE,MA,010206306,42.155774795300516,-72.55672263289513,16,0
f01c55c3-d5ce-3c12-b7d2-5f9fd34df4c8,eea92149-820f-301f-911e-b170e8312842,Tracey100 Hamill307,M,GENERAL PRACTICE,123 SUMMER STREET,WORCESTER,MA,016102177,42.26496835,-71.79655403681465,57,0
b50ecd2d-14e4-3352-9dd2-337d6b88fe47,19a3afba-b409-3650-a0ab-f3faf6e391ef,Patrina117 Strosin214,F,GENERAL PRACTICE,199 REEDSDALE RD,WALTHAM,MA,024511433,42.3756401,-71.2358004,13,0
719eda8e-1e00-3faa-bbaf-d077ca0179ff,76b7dbb5-0a02-32a4-9a01-3511f7e45016,Emerita401 Satterfield305,F,GENERAL PRACTICE,59 COUNTRY WAY,SCITUATE,MA,020663746,42.1806871,-70.74862935148246,6,0
0e188635-add6-3a91-ab09-be5217002dfe,83a08dcf-7ed6-3d2e-afc0-a72c05d2563c,Alejandra902 Escobedo608,F,GENERAL PRACTICE,755 MAIN ST,HAVERHILL,MA,018302166,42.797835,-71.0878121,57,0
b106b5f5-302b-30e5-8dd9-1117bdd0f20b,25c85bcc-7e25-36bc-89e8-08e0d473db23,Sharron285 Okuneva707,F,GENERAL PRACTICE,138 S MAIN ST STE 14,MILFORD,MA,017573272,42.1270746,-71.51639128815474,15,0
8d2ca1a9-6d84-3a41-8b67-9a1b6c60fdbe,d9b71ccf-6649-3555-9e99-44eac0af257f,Darlene91 Collier206,F,GENERAL PRACTICE,655 DEDHAM ST,WRENTHAM,MA,020931135,42.084901,-71.30689224201797,19,0
98fe61d0-7a32-3325-89d5-339f75113ffe,81991e0d-8034-36c8-be5c-624b44cb67de,Jamie386 Predovic534,M,GENERAL PRACTICE,76 NORTH ST,MIDDLEBORO,MA,023461619,41.9014651,-70.91375666607357,1,0
dbaed463-5662-35f9-b637-dec9d90949d9,cbebae9e-f95e-3d2c-9712-289ea8d6aeec,George991 Haley279,M,GENERAL PRACTICE,49 ROBINWOOD AVENUE,QUINCY,MA,021698130,42.2509914,-71.0037374,3,0
61c8a3a3-fbf0-35d2-943e-76687844f4af,1cec4304-9757-3a10-ad4f-7e2090c56131,Theo630 Rohan584,M,GENERAL PRACTICE,55 LAKE AVE N,WORCESTER,MA,016550002,42.2774799,-71.76166994969458,10,0
330579eb-af30-3d6b-87ac-c9dabe63de74,a8f1424c-00bc-3403-8db5-cd600978f3a4,Tomás404 Menéndez746,M,GENERAL PRACTICE,8 BURNHAM ST,TURNERS FALLS,MA,013761816,42.6042523,-72.5564777,32,0
caa5b372-f662-3d62-ac1f-c0cb56c1a464,411f14a5-de79-3e08-81d6-301270cc2275,Fredrick998 Harvey63,M,GENERAL PRACTICE,64 CONCORD STREET,WILMINGTON,MA,018872179,42.55962465,-71.13772203658047,28,0
4269b7ca-6845-3f4e-bbf4-02a354ea4d5f,a5577e5c-b886-37a0-8eee-8ff6feb7ea6b,Synthia172 Keebler762,F,GENERAL PRACTICE,330 MOUNT AUBURN ST,CAMBRIDGE,MA,021385502,42.3741033,-71.13417575971958,265,0
e47a40b7-5ce6-3dee-84d6-fb03fbd91a26,20df65a4-7567-3066-b680-0f71b0c31d38,Rayford811 Bashirian201,M,GENERAL PRACTICE,242 GREEN ST,GARDNER,MA,014401336,42.58685735,-71.98748072431209,72,0
a153fa5c-4c7e-36cf-b0a2-25eccc99bdad,7dcab1ad-0e13-3700-9eb0-70767c5e2b55,German382 Wilkinson796,M,GENERAL PRACTICE,1515 ALLEN ST,SPRINGFIELD,MA,011181803,42.095299499999996,-72.50943136142334,31,0
08cee0a3-eb95-360f-9478-8033a365e331,9485907a-9f9c-3c19-a424-b402ee8f99c2,Tynisha348 Bogisich202,F,GENERAL PRACTICE,101 PLANTATION STREET,WORCESTER,MA,016043025,42.258026400000006,-71.78384882397785,4,0
189045a1-cef7-31bc-a2d4-8689861925a1,6ea4d3d6-d820-387a-a3d1-ed5944ad47a2,Elisa944 Rojo930,F,GENERAL PRACTICE,232 PLEASANT ST,METHUEN,MA,018447152,42.7397562,-71.17113575205717,61,0
3e6f2e35-2be3-3973-817f-49e0e34fa155,e7722de2-0e62-3dc9-a163-a7003956673b,Charlena802 Lockman863,F,GENERAL PRACTICE,1 EDGEWATER DRIVE  SUITE 103,NORWOOD,MA,020624669,42.16153305,-71.20162617190071,3,0
fdb9798f-d9ff-3510-aa43-9cd587c197ab,9b8a7a25-b923-3710-9f3c-d42919a3f54f,Heriberto162 Ondricka197,M,GENERAL PRACTICE,146 MAIN ST,MAYNARD,MA,017542651,42.4309786,-71.4552968,38,0
36245383-64f3-3e4c-8c99-b2e6a6361478,b574fc4f-313c-38a4-9baf-7e12e431a499,Georgeanna785 Schulist381,F,GENERAL PRACTICE,511 W GROVE ST,MIDDLEBORO,MA,023461479,41.90036455,-70.9535889372234,58,0
8702a1f1-db00-34cc-9a59-554afe5b4d77,845fbd9b-2d1c-39a8-8261-28ae40e4fab2,Bennett146 Rippin620,M,GENERAL PRACTICE,14 PROSPECT STREET,UPTON,MA,015681431,42.1700209025178,-71.59409308099494,571,0
d9c2a8ea-1c61-3d2e-b4fc-5206a72d5afd,bac9dc0c-cb0f-3fa6-aa12-819dd0fb922a,Floy720 Greenfelder433,F,GENERAL PRACTICE,1493 CAMBRIDGE ST,SOMERVILLE,MA,021452935,42.3875968,-71.0994968,226,0
c2b05072-8be1-33d1-ac40-5878f2977542,9ce6072b-d039-3cde-8eaf-950211b8ae88,Terrie907 Ratke343,F,GENERAL PRACTICE,147 S MAIN ST,MIDDLETON,MA,019492446,42.585787222720036,-71.00861442427218,16,0
a9308fb9-23a6-37c3-b4a9-7f08573b5ac7,af8566eb-8918-3ec7-ba44-92b6a2cf8097,Madelaine318 Walker122,F,GENERAL PRACTICE,81 HIGHLAND AVE,SALEM,MA,019702714,42.5112107,-70.90516241826194,68,0
d191c7f2-7e75-3472-9708-fa40bf641c5f,ecd3b321-0a8a-3ce6-81f0-982dd77fce43,Tracie996 Lesch175,F,GENERAL PRACTICE,25 HIGHLAND AVE,NEWBURYPORT,MA,019503867,42.81369325,-70.89091645747592,48,0
861f197d-1eb1-30e2-8fe5-7a4c0cd291ae,a036cdf2-bbc5-3ffd-987f-56e437fd8b74,Shayne60 Gutmann970,M,GENERAL PRACTICE,265 N MAIN ST,SOUTH YARMOUTH,MA,026642083,41.680980000000005,-70.18292625685085,10,0
ab194935-1bde-3c5a-b717-eaf6a1d21e6b,03d7ee12-bdfe-3e48-9d29-757eb6f01ad0,Jae222 Wisozk929,M,GENERAL PRACTICE,44 SUMMER ST,DANVERS,MA,019231574,42.57663745,-70.94996137026163,1,0
a8fe0a2d-ee07-3395-a298-2459980fc776,4f5e8f16-a31b-3071-8556-d7188ede313d,Micaela928 Ayala238,F,GENERAL PRACTICE,575 BEECH ST,HOLYOKE,MA,010402223,42.20105435,-72.628169560868,177,0
4647ad2c-697c-3742-9b3d-53ea7cc0cccc,69cb2157-b620-3c51-9c94-f516462d2d55,Luther918 Schroeder447,M,GENERAL PRACTICE,11 WATER ST,ARLINGTON,MA,02476,42.41642055,-71.15424293038585,65,0
e9d1b19c-f4c0-3ff0-b147-b3734db3ac25,218e58e4-9642-3ebd-9b39-34d15f22c620,Jung484 Lowe577,F,GENERAL PRACTICE,977 MAIN ST,WALTHAM,MA,024517406,42.376452150000006,-71.25063779999999,78,0
28e8b94f-5afd-33bc-ae00-0692d12877d4,f90ef475-defe-363d-a926-573b38f804a2,Kristopher775 Schiller186,M,GENERAL PRACTICE,54 HOPEDALE ST,HOPKINTON,MA,017481672,42.2288875,-71.5196439,18,0
c1876e1f-a425-3768-b410-90e6b7abacd3,41f66e18-8eb7-32f2-9371-7df5bf2b8d21,Lonnie913 Mraz590,M,GENERAL PRACTICE,170 UNIVERSITY DRIVE,GREENFIELD,MA,013011238,42.6097476,-72.5979752,3,0
46baa44c-2fe1-3096-98d6-76a67dead1e2,a25107f7-f4f5-36fc-98e4-f3e1b5875c91,Tracy345 Wilderman619,M,GENERAL PRACTICE,1285 BEACON ST,WOBURN,MA,018012157,42.4979478,-71.1684508,14,0
1153a634-6556-37bc-9e03-132a2d6ab87d,0e6c3ad1-24c1-34cb-bb6d-e8438fa319e2,Eufemia350 Casper496,F,GENERAL PRACTICE,50 DODGE ST,SWAMPSCOTT,MA,019071300,42.4699241,-70.9171507,1,0
976c04a2-4b08-36b8-b55e-f20deb9da1a6,4f9dd195-07b8-3a81-8b7a-58852a0e6cdf,Tonja658 Goyette777,F,GENERAL PRACTICE,47 E MAIN ST,WEST BROOKFIELD,MA,015852906,42.2355113,-72.1381676,1,0
497c43df-5986-32b7-be75-c759d36af7e0,ed43f171-1ac1-3f08-aef5-0f62c515cf4d,Bruce167 Schowalter414,M,GENERAL PRACTICE,184 TER HEUN DR,FALMOUTH,MA,025403160,41.56534135,-70.62534898297048,2,0
fa63f910-7213-38fb-8b79-753ba85b951f,05fcf001-ab24-3d7d-85f7-f64942d82738,Leonarda398 Schumm995,F,GENERAL PRACTICE,250 POND STREET,FRAMINGHAM,MA,017014592,42.2838619,-71.4093719,6,0
1d7c17f2-f4a5-3ac2-afde-7f2190d57431,e7b77e8f-b607-3273-aef9-ad1bca48813f,Rolland302 Turcotte120,M,GENERAL PRACTICE,209 W CENTRAL ST STE 216,NATICK,MA,017603716,42.28202598359604,-71.3899479380402,65,0
8c6c680a-5988-3b64-a9b7-e3f275dac539,1b26464f-ebe5-3045-b976-40f9979418c6,Ulysses632 Tillman293,M,GENERAL PRACTICE,243 KING ST,NORTHAMPTON,MA,010602367,42.331161,-72.634183,1,0
d3b57552-cc32-369b-a4f1-0d72ca531fd2,0e3a24c3-b772-3059-b3fd-8a4710068a82,Rex53 Gerhold939,M,GENERAL PRACTICE,416 BROADWAY,RAYNHAM,MA,027671737,41.940680799999996,-71.07864352196617,75,0
7be7fc24-9df3-3d8b-8c03-28c305b66d27,28d71598-85eb-3a0e-90c1-22e0be1af57c,Jodie811 Hermann103,F,GENERAL PRACTICE,38 MULBERRY ST STE 204,NORTHAMPTON,MA,010602832,42.35436315,-72.70256804599192,57,0
02ea0a02-8583-3eac-9d7f-2a9052668927,7d627533-adbd-320a-9054-db91a2811597,Rachell479 Schroeder447,F,GENERAL PRACTICE,480 JACKSON ST,METHUEN,MA,018444020,42.7327291,-71.16807304424162,1,0
ff077ea5-7f6f-367f-8bbf-4258458041a9,9adfae03-673d-365d-9052-f705098fa3e4,Daniel959 Wolff180,M,GENERAL PRACTICE,51 BLOSSOM ST,BOSTON,MA,021142699,42.36305545,-71.06643399281765,20,0
86cb2910-7bc0-394c-8890-f5332d73e151,25431f9a-00e4-36d8-9810-4125328eec50,Kati243 Ruecker817,F,GENERAL PRACTICE,55 FRUIT ST,WALTHAM,MA,02451,42.3756401,-71.2358004,290,0
b654c9db-96f4-3c7a-8db6-2bb49ad46a46,01bde980-bf89-3138-8912-7360dff33247,Caroline183 Lang846,F,GENERAL PRACTICE,456 PARK AVE,WORCESTER,MA,016101254,42.25512735,-71.82580924803523,3,0
cf4456e0-2d9c-3e6a-a221-62718c6019bc,1484fc69-2eb0-3bba-8656-d5ead4973895,Kareem959 Schaefer657,M,GENERAL PRACTICE,260 MERRIMAC ST,NEWBURYPORT,MA,019502192,42.817380099999994,-70.88125573659471,28,0
90fc88ef-6688-364a-b53d-c4d401e43198,4e56c7ec-99e5-3023-8e4f-95ad18a03f06,Duane703 Bosco882,M,GENERAL PRACTICE,28 RIVERSIDE DR STE 101,PEMBROKE,MA,023594947,42.11004715,-70.77534154695786,88,0
00db55e6-d4d2-35fe-bdb0-d532fcb94f90,e2a8b444-9b8f-36ff-84c4-05ee98589482,Elmer371 Gusikowski974,M,GENERAL PRACTICE,8 SHIPWAY PL # C-8,CHARLESTOWN,MA,021294301,42.3778749,-71.0619957,56,0
7cf140ce-247c-33a4-a06f-039574390acc,3517aff1-b163-3cd5-8fff-19710fcdc1b7,Ladawn167 Cremin516,F,GENERAL PRACTICE,400 HEMENWAY STREET,MARLBOROUGH,MA,017526762,42.36006255767826,-71.5077613040944,5,0
4b809e0c-9b13-325f-a33f-1f16f4c449bd,18d2c9c2-4b92-3664-9b8e-419aff3ce942,Aleshia311 Block661,F,GENERAL PRACTICE,175 GROVE STREET,BRAINTREE,MA,021847253,42.19127375,-70.99279579751581,6,0
f27caeb3-b822-3a25-bbc8-40cf760516b8,121b0ad1-1beb-3caa-9271-3d3f726bb727,Kyoko885 Price929,F,GENERAL PRACTICE,1030 MAIN STREET,WALTHAM,MA,024517447,42.375828,-71.2527956,23,0
29d5af4c-76f8-3fbb-a20d-3349ee558f5b,0a2252ba-33de-322f-8f0a-e5b0141f1780,Lincoln623 Block661,M,GENERAL PRACTICE,632 BLUE  HILL AVENUE,DORCHESTER,MA,021213213,42.2941088,-71.0885355,28,0
728bfa10-b751-3834-b6e7-b4e7f43e032c,f6ba791e-fe68-3596-bef4-60751db6a60e,Miguel815 Perea353,M,GENERAL PRACTICE,37 BIRCH STREET,MILFORD,MA,017575501,42.1424349,-71.48943173357203,1,0
c342eab5-f987-3770-b9d6-8ebd7bf8d938,11a40a26-a5a3-331d-aef0-d06dd90e2b4e,Len277 Wintheiser220,M,GENERAL PRACTICE,10 OSTERVILLE WEST BARNSTABLE RD,YARMOUTH PORT,MA,026752000,41.7020544,-70.249465,41,0
8bf79192-fab0-342b-8667-3ca912cc580b,485ae27b-c5ba-3fd0-9a16-c9eea20be185,Alejandro916 Kris249,M,GENERAL PRACTICE,275 MARTINE STREET  SUITE 202,FALL RIVER,MA,027231518,41.68393816525316,-71.1220830626733,10,0
e41df99d-6c9c-3de2-af5d-2379aa7f7180,47602b5b-f4aa-3c73-aa26-2268ccf7a83c,Christopher407 Fisher429,M,GENERAL PRACTICE,90 LINDALL STREET,DANVERS,MA,019232125,42.574712149999996,-70.94359556912616,3,0
30775149-d38a-3dd1-9707-1cdc622fb912,6d16a8e3-3569-38ab-afac-a2f8c1125085,Miguelina323 Crona259,F,GENERAL PRACTICE,1010 WALTHAM STREET,LEXINGTON,MA,024218052,42.4139392,-71.22929265883278,2,0
e63b7ba8-e5f2-3e38-b793-9c3f861eef52,02d7b144-352f-3eac-97db-6fc4a95bf1fa,Dante562 Reinger292,M,GENERAL PRACTICE,120 SEMINARY AVENUE,AUBURNDALE,MA,024662650,42.34002614299451,-71.24911543639162,2,0
c11d5030-b259-328e-a7ca-eafb77487ff6,53f086de-2fc7-3d35-92c2-aca4ed944e7f,Carisa395 Kutch271,F,GENERAL PRACTICE,1 GENERAL ST,LAWRENCE,MA,018412961,42.7097143,-71.15007700778098,162,0
80a6fda9-bcab-333e-8142-bfa03e00f312,20f63278-6709-3195-b767-782d2a10bd5c,Jamie386 Krajcik437,M,GENERAL PRACTICE,640 CONCORD AVENUE,CAMBRIDGE,MA,021381116,42.389222000000004,-71.14799280677965,6,0
5b2eaa28-994c-3df7-9d76-cce9cb39d246,e498871e-3c3d-3ea1-a79d-4bc09679de84,Chung121 Collins926,M,GENERAL PRACTICE,221 FITZGERALD DRIVE,NEW BEDFORD,MA,027453426,41.6995448,-70.92972651619661,2,0
7eac6538-fe31-3847-9976-18272807c899,c05d73d0-b348-32ce-9fe5-13a720950f37,Abraham100 McDermott739,M,GENERAL PRACTICE,45 DRUM HILL RD,CHELMSFORD,MA,018241503,42.6255635,-71.3615131,8,0
543ad000-e1ca-3b10-aac5-3da98e603f37,ac0fde88-b0ad-3388-a4a8-b8fc2a4f4af2,Lloyd546 Wuckert783,M,GENERAL PRACTICE,150 YORK STREET,STOUGHTON,MA,020729105,42.144646800000004,-71.09875876961266,733,0
01112d81-8726-322d-9667-0c6c40a8f24f,0592d4e5-a0fb-3143-83cd-8e5a6b066a96,Anderson154 Lemke654,M,GENERAL PRACTICE,20 EAST ST,HANOVER,MA,023391638,42.1278249,-70.82664947485381,95,0
c0c08131-7114-36bf-b399-a57b2f6feb2e,c67ca7ed-4769-3b6c-a0a9-993f1227ff10,Allen322 Veum823,M,GENERAL PRACTICE,1 BLACKBURN DR,GLOUCESTER,MA,019302237,42.6269312,-70.65555242413386,28,0
95e74912-3f2b-33c5-ba21-e8c2e8def024,ba07b31b-bf14-39b8-be95-4c5ca5062daa,Hermelinda327 Hyatt152,F,GENERAL PRACTICE,1575 CAMBRIDGE ST,CAMBRIDGE,MA,021384308,42.375209549999994,-71.10711344152975,4,0
e0924d12-bf91-315b-8d05-11b79fe107b5,6aae7a31-90df-3455-ad8d-81f8cf2d21e8,Damaris45 Funk324,F,GENERAL PRACTICE,680 CENTRE ST,BROCKTON,MA,023023308,42.0872752,-70.9910738855076,91,0
4da5ffcb-3061-303b-94c3-dc7dff4b443a,14036728-b721-3e4b-8755-8ee8ab6ed15e,Melodie819 Schmeler639,F,GENERAL PRACTICE,625 MOUNT AUBURN ST,CAMBRIDGE,MA,021384518,42.375351,-71.1468628,68,0
